A_face_a,A_face_b,B_face_a,B_face_b,C3_like_transfer_pass,P_rank,P_to_Q_transfer_resid,QP_lock_transfer_pass,QP_transfer_max_resid,QP_transfer_mean_resid,Q_rank,Q_to_P_transfer_resid,bridge_cond,bridge_max_sv,bridge_min_sv,bridge_mode,bridge_norm,bridge_rank,bridge_rows,candidate_parent_fans,complex_like_transfer_pass,context,double_cover_like_transfer_pass,edge_overlap,event_t,face_overlap,fan_count,fans_json,max_abs_response_circulation,max_response_complex_eig_imag,mean_abs_response_circulation,mean_raw_response_weight_norm,mean_response_complex_eig_imag,motif_basis_rank,motif_span_leakage,parent_fan_count,projected_J2_plus_I_resid,projected_QP_transfer_cube_identity_resid,projected_QP_transfer_eig_imag_max,projected_QP_transfer_eig_real_max_abs,projected_QP_transfer_eigvals_json,projected_QP_transfer_identity_resid,projected_QP_transfer_minus_identity_resid,projected_QP_transfer_norm,projected_QP_transfer_rank,projected_QP_transfer_singular_values_json,projected_QP_transfer_skew_ratio,projected_QP_transfer_square_minus_identity_resid,projected_QP_transfer_sym_ratio,response_op,response_transfer_norm,result_open_transfer_gate_pass,scan_id,transfer_active,transfer_status,union_faces,vertex_overlap
"[3, 4, 5]","[0, 1, 2]","[1, 4, 6]","[0, 2, 3]",False,2,0.9423233457940006,False,0.9423233457940006,0.9344657872476276,2,0.9266082287012547,6.999272781080358,0.678588725116499,0.09695131856323473,radial,1.0540925533884058,6,"[(0, 1, 1), (0, 2, 2), (0, 3, 3), (1, 4, 1), (1, 5, 2), (1, 6, 3)]","[0, 1]",False,shared_edge,False,1,6,0,2,"[{""parent"": 0, ""children"": [1, 2, 3], ""circulation_log_ratio"": 25.8753682920119, ""raw_weight_norm"": 0.22361458310594498, ""complex_eig_imag_max"": 0.2316572112636233}, {""parent"": 1, ""children"": [4, 5, 6], ""circulation_log_ratio"": 25.763422927413046, ""raw_weight_norm"": 0.20798460816813277, ""complex_eig_imag_max"": 0.21519266654003144}]",25.8753682920119,0.2316572112636233,25.819395609712473,0.21579959563703888,0.22342493890182735,4,0.823523034307835,2,1.2834763451930962,0.7959702199098158,0.0,0.7311972632133606,"[[-0.7311972632133606, 0.0], [0.5496070789500087, 0.0], [-0.12227923963865193, 0.0], [0.08817463713940306, 0.0]]",0.7265320502233069,0.6872838134394947,1.9431501911677778,4,"[1.898178429676821, 0.3896412894801887, 0.13833866953670393, 0.04234846618287955]",0.6214430089436987,0.8752180082818731,0.7834593713996743,markov,4.926030250775356,False,0,True,ok,"[[0, 1, 2], [0, 2, 3], [1, 4, 6], [3, 4, 5]]",5
"[3, 4, 5]","[0, 1, 2]","[1, 4, 6]","[0, 2, 3]",False,2,0.9345391981769636,False,0.9345391981769636,0.9308851767831455,2,0.9272311553893274,6.999272781080358,0.678588725116499,0.09695131856323473,radial,1.0540925533884058,6,"[(0, 1, 1), (0, 2, 2), (0, 3, 3), (1, 4, 1), (1, 5, 2), (1, 6, 3)]","[0, 1]",False,shared_edge,False,1,6,0,2,"[{""parent"": 0, ""children"": [1, 2, 3], ""circulation_log_ratio"": 25.8753682920119, ""raw_weight_norm"": 0.22361458310594498, ""complex_eig_imag_max"": 0.2316572112636233}, {""parent"": 1, ""children"": [4, 5, 6], ""circulation_log_ratio"": 25.763422927413046, ""raw_weight_norm"": 0.20798460816813277, ""complex_eig_imag_max"": 0.21519266654003144}]",25.8753682920119,0.2316572112636233,25.819395609712473,0.21579959563703888,0.22342493890182735,4,0.8314068022566721,2,1.0361938518946638,0.9491127677868594,0.0,0.265768224305915,"[[0.265768224305915, 0.0], [0.15730044138874735, 0.0], [0.044284784198644615, 0.0], [-0.06026335127585002, 0.0]]",0.7034968185726214,0.8423262709227206,0.7545747690755447,4,"[0.7442893492559524, 0.10754562209889472, 0.05703694472933732, 0.024437119569761783]",0.6413538381492299,0.8991937709309551,0.7672452373841112,skew_markov,2.000851385211562,False,0,True,ok,"[[0, 1, 2], [0, 2, 3], [1, 4, 6], [3, 4, 5]]",5
"[3, 4, 5]","[0, 1, 2]","[1, 4, 6]","[0, 2, 3]",False,2,0.9535622302122062,False,0.9573199266605238,0.9554410784363649,2,0.9573199266605238,6.999272781080358,0.678588725116499,0.09695131856323473,radial,1.0540925533884058,6,"[(0, 1, 1), (0, 2, 2), (0, 3, 3), (1, 4, 1), (1, 5, 2), (1, 6, 3)]","[0, 1]",True,shared_edge,False,1,6,0,2,"[{""parent"": 0, ""children"": [1, 2, 3], ""circulation_log_ratio"": 25.8753682920119, ""raw_weight_norm"": 0.22361458310594498, ""complex_eig_imag_max"": 0.2316572112636233}, {""parent"": 1, ""children"": [4, 5, 6], ""circulation_log_ratio"": 25.763422927413046, ""raw_weight_norm"": 0.20798460816813277, ""complex_eig_imag_max"": 0.21519266654003144}]",25.8753682920119,0.2316572112636233,25.819395609712473,0.21579959563703888,0.22342493890182735,4,0.8872585938391722,2,8478233.502673576,0.9999999999164303,665.326378590118,1394.704828884468,"[[-1394.704828884468, 665.326378590118], [-1394.704828884468, -665.326378590118], [1347.1202923747485, 0.0], [-40.75345151601761, 0.0]]",0.9997809079940844,0.9997379771524263,8311.03069151624,4,"[8047.142163748425, 1887.1695023489153, 869.0378317402341, 9.933184564826199]",0.6819815174859835,0.9999998988200092,0.7313694072132868,forward_cycle,25788.25971767908,True,0,True,ok,"[[0, 1, 2], [0, 2, 3], [1, 4, 6], [3, 4, 5]]",5
"[3, 4, 5]","[0, 1, 2]","[1, 4, 6]","[0, 2, 3]",False,2,0.9562174117760623,False,0.9562174117760623,0.8984454543536893,2,0.8406734969313162,6.999272781080358,0.678588725116499,0.09695131856323473,radial,1.0540925533884058,6,"[(0, 1, 1), (0, 2, 2), (0, 3, 3), (1, 4, 1), (1, 5, 2), (1, 6, 3)]","[0, 1]",True,shared_edge,False,1,6,0,2,"[{""parent"": 0, ""children"": [1, 2, 3], ""circulation_log_ratio"": 25.8753682920119, ""raw_weight_norm"": 0.22361458310594498, ""complex_eig_imag_max"": 0.2316572112636233}, {""parent"": 1, ""children"": [4, 5, 6], ""circulation_log_ratio"": 25.763422927413046, ""raw_weight_norm"": 0.20798460816813277, ""complex_eig_imag_max"": 0.21519266654003144}]",25.8753682920119,0.2316572112636233,25.819395609712473,0.21579959563703888,0.22342493890182735,4,0.7421893264143008,2,79023565069146.22,1.0,4773056.374460475,126607.13090059825,"[[126607.13090059825, 4773056.374460475], [126607.13090059825, -4773056.374460475], [-6.308278672328355e-05, 5.178468279749557e-05], [-6.308278672328355e-05, -5.178468279749557e-05]]",0.999999940964839,0.9999999414028163,34004249.87188707,4,"[32490764.620326888, 10031910.2735345, 3.241975446517548e-05, 1.4372698103162431e-05]",0.7208945012519583,0.9999999999999856,0.6930448167793268,reverse_cycle,72868123.94295074,True,0,True,ok,"[[0, 1, 2], [0, 2, 3], [1, 4, 6], [3, 4, 5]]",5
"[3, 4, 5]","[0, 1, 2]","[1, 4, 6]","[0, 2, 3]",False,2,0.9562265682801238,False,0.9562265682801238,0.8984327176323659,2,0.8406388669846079,6.999272781080358,0.678588725116499,0.09695131856323473,radial,1.0540925533884058,6,"[(0, 1, 1), (0, 2, 2), (0, 3, 3), (1, 4, 1), (1, 5, 2), (1, 6, 3)]","[0, 1]",True,shared_edge,False,1,6,0,2,"[{""parent"": 0, ""children"": [1, 2, 3], ""circulation_log_ratio"": 25.8753682920119, ""raw_weight_norm"": 0.22361458310594498, ""complex_eig_imag_max"": 0.2316572112636233}, {""parent"": 1, ""children"": [4, 5, 6], ""circulation_log_ratio"": 25.763422927413046, ""raw_weight_norm"": 0.20798460816813277, ""complex_eig_imag_max"": 0.21519266654003144}]",25.8753682920119,0.2316572112636233,25.819395609712473,0.21579959563703888,0.22342493890182735,4,0.7421647096863743,2,19753004055445.99,1.0,2386247.824471712,63674.281075850944,"[[-63674.281075850944, 2386247.824471712], [-63674.281075850944, -2386247.824471712], [-0.10396954347544143, 0.0], [0.013875275119572948, 0.0]]",0.9999998827850614,0.999999881903627,16998754.84270921,4,"[16241759.376143988, 5016265.400670964, 0.044911642921931956, 0.0022465469664543296]",0.7208965916429398,0.9999999999999418,0.6930426423803892,cycle_difference,36425807.44194213,True,0,True,ok,"[[0, 1, 2], [0, 2, 3], [1, 4, 6], [3, 4, 5]]",5
"[3, 4, 5]","[0, 1, 2]","[1, 4, 6]","[0, 2, 3]",False,2,0.9562082653487768,False,0.9562082653487768,0.8984581947854124,2,0.840708124222048,6.999272781080358,0.678588725116499,0.09695131856323473,radial,1.0540925533884058,6,"[(0, 1, 1), (0, 2, 2), (0, 3, 3), (1, 4, 1), (1, 5, 2), (1, 6, 3)]","[0, 1]",True,shared_edge,False,1,6,0,2,"[{""parent"": 0, ""children"": [1, 2, 3], ""circulation_log_ratio"": 25.8753682920119, ""raw_weight_norm"": 0.22361458310594498, ""complex_eig_imag_max"": 0.2316572112636233}, {""parent"": 1, ""children"": [4, 5, 6], ""circulation_log_ratio"": 25.763422927413046, ""raw_weight_norm"": 0.20798460816813277, ""complex_eig_imag_max"": 0.21519266654003144}]",25.8753682920119,0.2316572112636233,25.819395609712473,0.21579959563703888,0.22342493890182735,4,0.7422139589552968,2,19758777740692.617,1.0,2386808.3197503006,62932.759616065014,"[[62932.759616065014, 2386808.3197503006], [62932.759616065014, -2386808.3197503006], [0.10405455456951582, 0.0], [-0.013857622227855911, 0.0]]",0.9999998819557404,0.9999998828262197,17005495.37675842,4,"[16249005.516221996, 5015644.798302514, 0.04493072771696519, 0.002244861876778832]",0.7208924079899128,0.999999999999942,0.6930469941515547,cycle_sum,36442319.1935192,True,0,True,ok,"[[0, 1, 2], [0, 2, 3], [1, 4, 6], [3, 4, 5]]",5
"[3, 4, 5]","[0, 1, 2]","[1, 4, 6]","[0, 2, 3]",False,2,0.9398882903620093,False,0.9398882903620093,0.9210620696258618,2,0.9022358488897142,6.999272781080358,0.678588725116499,0.09695131856323473,radial,1.0540925533884058,6,"[(0, 1, 1), (0, 2, 2), (0, 3, 3), (1, 4, 1), (1, 5, 2), (1, 6, 3)]","[0, 1]",True,shared_edge,False,1,6,0,2,"[{""parent"": 0, ""children"": [1, 2, 3], ""circulation_log_ratio"": 25.8753682920119, ""raw_weight_norm"": 0.22361458310594498, ""complex_eig_imag_max"": 0.2316572112636233}, {""parent"": 1, ""children"": [4, 5, 6], ""circulation_log_ratio"": 25.763422927413046, ""raw_weight_norm"": 0.20798460816813277, ""complex_eig_imag_max"": 0.21519266654003144}]",25.8753682920119,0.2316572112636233,25.819395609712473,0.21579959563703888,0.22342493890182735,4,0.8364326426933205,2,1.4182858332818173,0.8501999788105773,0.18804102872288858,1.079780096927623,"[[-1.079780096927623, 0.0], [-0.016482589231400537, 0.18804102872288858], [-0.016482589231400537, -0.18804102872288858], [-0.03097180554071914, 0.0]]",0.8459514757707192,0.5630486521421617,1.3877795483960207,4,"[1.2965915324348294, 0.4250304792115457, 0.25309796304036447, 0.008543173332324811]",0.46398106731769484,0.8439296614614398,0.8858451157901653,signed_C3_skew,3.7618016587766805,True,0,True,ok,"[[0, 1, 2], [0, 2, 3], [1, 4, 6], [3, 4, 5]]",5
"[3, 4, 5]","[0, 1, 2]","[1, 4, 6]","[0, 2, 3]",False,2,0.8780862457719223,False,0.9699041472881332,0.9239951965300277,2,0.9699041472881332,6.987767811932846,0.5793349419998619,0.08290701087743034,birth_q,1.0540925533884058,6,"[(0, 1, 1), (0, 2, 2), (0, 3, 3), (1, 4, 1), (1, 5, 2), (1, 6, 3)]","[0, 1]",False,shared_edge,False,1,6,0,2,"[{""parent"": 0, ""children"": [1, 2, 3], ""circulation_log_ratio"": 25.8753682920119, ""raw_weight_norm"": 0.22361458310594498, ""complex_eig_imag_max"": 0.2316572112636233}, {""parent"": 1, ""children"": [4, 5, 6], ""circulation_log_ratio"": 25.763422927413046, ""raw_weight_norm"": 0.20798460816813277, ""complex_eig_imag_max"": 0.21519266654003144}]",25.8753682920119,0.2316572112636233,25.819395609712473,0.21579959563703888,0.22342493890182735,4,0.8731520949884496,2,1.0885369508328164,0.9027695875717073,0.0,0.5091748279843282,"[[0.5091748279843282, 0.0], [-0.18635108501166017, 0.0], [-0.014334289524931975, 0.0], [0.1849660053279082, 0.0]]",0.6959692133535367,0.871643935055139,0.6771942812840773,4,"[0.599478005999644, 0.2806431589831005, 0.14264550890865088, 0.01048289228825296]",0.37675409136425836,0.9515908889432931,0.9263133134298238,markov,2.1317470613923555,False,0,True,ok,"[[0, 1, 2], [0, 2, 3], [1, 4, 6], [3, 4, 5]]",5
"[3, 4, 5]","[0, 1, 2]","[1, 4, 6]","[0, 2, 3]",False,2,0.8870487635037718,False,0.9353820252032129,0.9112153943534924,2,0.9353820252032129,6.987767811932846,0.5793349419998619,0.08290701087743034,birth_q,1.0540925533884058,6,"[(0, 1, 1), (0, 2, 2), (0, 3, 3), (1, 4, 1), (1, 5, 2), (1, 6, 3)]","[0, 1]",True,shared_edge,False,1,6,0,2,"[{""parent"": 0, ""children"": [1, 2, 3], ""circulation_log_ratio"": 25.8753682920119, ""raw_weight_norm"": 0.22361458310594498, ""complex_eig_imag_max"": 0.2316572112636233}, {""parent"": 1, ""children"": [4, 5, 6], ""circulation_log_ratio"": 25.763422927413046, ""raw_weight_norm"": 0.20798460816813277, ""complex_eig_imag_max"": 0.21519266654003144}]",25.8753682920119,0.2316572112636233,25.819395609712473,0.21579959563703888,0.22342493890182735,4,0.8532281689402802,2,1.001923548632159,0.9955296151956952,0.13339937283384742,0.1881137650178717,"[[-0.1881137650178717, 0.0], [0.033991833907832655, 0.13339937283384742], [0.033991833907832655, -0.13339937283384742], [-0.01582240398449284, 0.0]]",0.8558914613745581,0.8025253316750678,0.4788137673901923,4,"[0.4272634562102254, 0.20663997226162734, 0.062481482417378116, 0.010224922900577272]",0.7034622099172705,0.9526767341308932,0.7107326636746991,skew_markov,1.9656387539150244,True,0,True,ok,"[[0, 1, 2], [0, 2, 3], [1, 4, 6], [3, 4, 5]]",5
"[3, 4, 5]","[0, 1, 2]","[1, 4, 6]","[0, 2, 3]",False,2,0.8761241616583524,False,0.9477268937888058,0.9119255277235792,2,0.9477268937888058,6.987767811932846,0.5793349419998619,0.08290701087743034,birth_q,1.0540925533884058,6,"[(0, 1, 1), (0, 2, 2), (0, 3, 3), (1, 4, 1), (1, 5, 2), (1, 6, 3)]","[0, 1]",False,shared_edge,False,1,6,0,2,"[{""parent"": 0, ""children"": [1, 2, 3], ""circulation_log_ratio"": 25.8753682920119, ""raw_weight_norm"": 0.22361458310594498, ""complex_eig_imag_max"": 0.2316572112636233}, {""parent"": 1, ""children"": [4, 5, 6], ""circulation_log_ratio"": 25.763422927413046, ""raw_weight_norm"": 0.20798460816813277, ""complex_eig_imag_max"": 0.21519266654003144}]",25.8753682920119,0.2316572112636233,25.819395609712473,0.21579959563703888,0.22342493890182735,4,0.8639303946440816,2,5206693.009110816,0.9999999999032869,0.0,2354.0908099354424,"[[-1277.9022815438132, 0.0], [-35.65440116527544, 0.0], [1673.2622330126458, 0.0], [2354.0908099354424, 0.0]]",0.9994965512044792,0.9997101801229579,5039.499748738783,4,"[3861.195427195649, 3194.2893120780413, 532.4438861742465, 27.32927663370204]",0.550997526685769,0.9999998999349665,0.8345068756973576,forward_cycle,17327.58211735569,False,0,True,ok,"[[0, 1, 2], [0, 2, 3], [1, 4, 6], [3, 4, 5]]",5
"[3, 4, 5]","[0, 1, 2]","[1, 4, 6]","[0, 2, 3]",False,2,0.9710145502478116,False,0.9864832216688454,0.9787488859583284,2,0.9864832216688454,6.987767811932846,0.5793349419998619,0.08290701087743034,birth_q,1.0540925533884058,6,"[(0, 1, 1), (0, 2, 2), (0, 3, 3), (1, 4, 1), (1, 5, 2), (1, 6, 3)]","[0, 1]",False,shared_edge,False,1,6,0,2,"[{""parent"": 0, ""children"": [1, 2, 3], ""circulation_log_ratio"": 25.8753682920119, ""raw_weight_norm"": 0.22361458310594498, ""complex_eig_imag_max"": 0.2316572112636233}, {""parent"": 1, ""children"": [4, 5, 6], ""circulation_log_ratio"": 25.763422927413046, ""raw_weight_norm"": 0.20798460816813277, ""complex_eig_imag_max"": 0.21519266654003144}]",25.8753682920119,0.2316572112636233,25.819395609712473,0.21579959563703888,0.22342493890182735,4,0.9461334836444354,2,31875847656341.85,1.0,7.815901571993518e-05,5387338.433855172,"[[5387338.433855172, 0.0], [1762128.332542046, 0.0], [-7.954146676370965e-05, 7.815901571993518e-05], [-7.954146676370965e-05, -7.815901571993518e-05]]",0.9999998209887829,0.999999893724407,14020974.762579476,4,"[12886249.479996767, 5525604.729997763, 6.124080067019555e-05, 2.7072843717402615e-05]",0.6467492143290234,0.9999999999999765,0.762702729616717,reverse_cycle,84864460.75534788,False,0,True,ok,"[[0, 1, 2], [0, 2, 3], [1, 4, 6], [3, 4, 5]]",5
"[3, 4, 5]","[0, 1, 2]","[1, 4, 6]","[0, 2, 3]",False,2,0.971018840083397,False,0.9864907808305271,0.9787548104569621,2,0.9864907808305271,6.987767811932846,0.5793349419998619,0.08290701087743034,birth_q,1.0540925533884058,6,"[(0, 1, 1), (0, 2, 2), (0, 3, 3), (1, 4, 1), (1, 5, 2), (1, 6, 3)]","[0, 1]",False,shared_edge,False,1,6,0,2,"[{""parent"": 0, ""children"": [1, 2, 3], ""circulation_log_ratio"": 25.8753682920119, ""raw_weight_norm"": 0.22361458310594498, ""complex_eig_imag_max"": 0.2316572112636233}, {""parent"": 1, ""children"": [4, 5, 6], ""circulation_log_ratio"": 25.763422927413046, ""raw_weight_norm"": 0.20798460816813277, ""complex_eig_imag_max"": 0.21519266654003144}]",25.8753682920119,0.2316572112636233,25.819395609712473,0.21579959563703888,0.22342493890182735,4,0.9461524306788126,2,7964992334074.796,1.0,0.0,2692386.339952978,"[[-2692386.339952978, 0.0], [-880990.667702664, 0.0], [0.5135025735864064, 0.0], [0.009214119238748784, 0.0]]",0.9999997873902455,0.9999996419097443,7008933.332822501,4,"[6441900.2018831335, 2761714.7305484647, 0.10951907450505513, 0.005760000998203971]",0.6467765849203467,0.999999999999906,0.7626795193256297,cycle_difference,42428914.84247389,False,0,True,ok,"[[0, 1, 2], [0, 2, 3], [1, 4, 6], [3, 4, 5]]",5
"[3, 4, 5]","[0, 1, 2]","[1, 4, 6]","[0, 2, 3]",False,2,0.9710102512531696,False,0.9864756620509115,0.9787429566520406,2,0.9864756620509115,6.987767811932846,0.5793349419998619,0.08290701087743034,birth_q,1.0540925533884058,6,"[(0, 1, 1), (0, 2, 2), (0, 3, 3), (1, 4, 1), (1, 5, 2), (1, 6, 3)]","[0, 1]",False,shared_edge,False,1,6,0,2,"[{""parent"": 0, ""children"": [1, 2, 3], ""circulation_log_ratio"": 25.8753682920119, ""raw_weight_norm"": 0.22361458310594498, ""complex_eig_imag_max"": 0.2316572112636233}, {""parent"": 1, ""children"": [4, 5, 6], ""circulation_log_ratio"": 25.763422927413046, ""raw_weight_norm"": 0.20798460816813277, ""complex_eig_imag_max"": 0.21519266654003144}]",25.8753682920119,0.2316572112636233,25.819395609712473,0.21579959563703888,0.22342493890182735,4,0.9461145316752697,2,7972933914568.668,1.0,0.0,2694952.0507939872,"[[2694952.0507939872, 0.0], [881138.7531621801, 0.0], [-0.5134522667856292, 0.0], [-0.009204714142212177, 0.0]]",0.9999996420455372,0.9999997875074619,7012041.990802239,4,"[6444349.725504611, 2763890.2829458457, 0.1094686794192668, 0.005755935630773005]",0.6467218439447928,0.9999999999999062,0.7627259380437033,cycle_sum,42435547.42265781,False,0,True,ok,"[[0, 1, 2], [0, 2, 3], [1, 4, 6], [3, 4, 5]]",5
"[3, 4, 5]","[0, 1, 2]","[1, 4, 6]","[0, 2, 3]",False,2,0.9190816057145597,False,0.9552583479469487,0.9371699768307542,2,0.9552583479469487,6.987767811932846,0.5793349419998619,0.08290701087743034,birth_q,1.0540925533884058,6,"[(0, 1, 1), (0, 2, 2), (0, 3, 3), (1, 4, 1), (1, 5, 2), (1, 6, 3)]","[0, 1]",True,shared_edge,False,1,6,0,2,"[{""parent"": 0, ""children"": [1, 2, 3], ""circulation_log_ratio"": 25.8753682920119, ""raw_weight_norm"": 0.22361458310594498, ""complex_eig_imag_max"": 0.2316572112636233}, {""parent"": 1, ""children"": [4, 5, 6], ""circulation_log_ratio"": 25.763422927413046, ""raw_weight_norm"": 0.20798460816813277, ""complex_eig_imag_max"": 0.21519266654003144}]",25.8753682920119,0.2316572112636233,25.819395609712473,0.21579959563703888,0.22342493890182735,4,0.9139140837367729,2,0.9805460649975193,0.9842136157575858,0.2164349181163051,0.08426783293833498,"[[-0.08426783293833498, 0.2164349181163051], [-0.08426783293833498, -0.2164349181163051], [0.014670777189679806, 0.041783477557553524], [0.014670777189679806, -0.041783477557553524]]",0.8539437124501167,0.7995898141099983,0.48896377530312046,4,"[0.4566066913491262, 0.15561781566681812, 0.07752536950289012, 0.019204569883563716]",0.820140973536523,0.9317367611797557,0.5721615012585816,signed_C3_skew,2.4039544004189284,True,0,True,ok,"[[0, 1, 2], [0, 2, 3], [1, 4, 6], [3, 4, 5]]",5
"[3, 4, 5]","[0, 1, 2]","[1, 4, 6]","[0, 2, 3]",False,2,0.9789345900871302,False,0.9789345900871302,0.9607697468464209,2,0.9426049036057115,3.199971231707213,0.6547266278623748,0.20460391061386896,birth_h,1.0540925533880756,6,"[(0, 1, 1), (0, 2, 2), (0, 3, 3), (1, 4, 1), (1, 5, 2), (1, 6, 3)]","[0, 1]",False,shared_edge,False,1,6,0,2,"[{""parent"": 0, ""children"": [1, 2, 3], ""circulation_log_ratio"": 25.8753682920119, ""raw_weight_norm"": 0.22361458310594498, ""complex_eig_imag_max"": 0.2316572112636233}, {""parent"": 1, ""children"": [4, 5, 6], ""circulation_log_ratio"": 25.763422927413046, ""raw_weight_norm"": 0.20798460816813277, ""complex_eig_imag_max"": 0.21519266654003144}]",25.8753682920119,0.2316572112636233,25.819395609712473,0.21579959563703888,0.22342493890182735,4,0.9021286372875822,2,1.0727538879601086,0.9647288446777157,0.02378540264758636,0.4448560870722295,"[[-0.4448560870722295, 0.0], [0.272446196356694, 0.0], [-0.02406132521983529, 0.02378540264758636], [-0.02406132521983529, -0.02378540264758636]]",0.8264986536190755,0.748444291406421,0.6787694301484106,4,"[0.6152053567587132, 0.2837609964705509, 0.034735184153364705, 0.02287951448904435]",0.45238464651133947,0.9566630422703469,0.8918229261450192,markov,2.7425455397939436,False,0,True,ok,"[[0, 1, 2], [0, 2, 3], [1, 4, 6], [3, 4, 5]]",5
"[3, 4, 5]","[0, 1, 2]","[1, 4, 6]","[0, 2, 3]",False,2,0.9661387105836288,False,0.9661387105836288,0.9643218471029948,2,0.9625049836223609,3.199971231707213,0.6547266278623748,0.20460391061386896,birth_h,1.0540925533880756,6,"[(0, 1, 1), (0, 2, 2), (0, 3, 3), (1, 4, 1), (1, 5, 2), (1, 6, 3)]","[0, 1]",False,shared_edge,False,1,6,0,2,"[{""parent"": 0, ""children"": [1, 2, 3], ""circulation_log_ratio"": 25.8753682920119, ""raw_weight_norm"": 0.22361458310594498, ""complex_eig_imag_max"": 0.2316572112636233}, {""parent"": 1, ""children"": [4, 5, 6], ""circulation_log_ratio"": 25.763422927413046, ""raw_weight_norm"": 0.20798460816813277, ""complex_eig_imag_max"": 0.21519266654003144}]",25.8753682920119,0.2316572112636233,25.819395609712473,0.21579959563703888,0.22342493890182735,4,0.9349860614527138,2,1.0073347140272202,0.9970236749189626,0.0,0.1497643787339097,"[[0.1497643787339097, 0.0], [-0.07956907328112046, 0.0], [-0.0050495874499978085, 0.0], [0.013669739576894815, 0.0]]",0.88722752704284,0.92245813555788,0.2236890177857771,4,"[0.2000222485080569, 0.09933182546382606, 0.012231469884836178, 0.0033847266104037473]",0.4587845709273028,0.9920702773779007,0.8885475324765185,skew_markov,1.1421077147064005,False,0,True,ok,"[[0, 1, 2], [0, 2, 3], [1, 4, 6], [3, 4, 5]]",5
"[3, 4, 5]","[0, 1, 2]","[1, 4, 6]","[0, 2, 3]",False,2,0.9736505029623359,False,0.9736505029623359,0.9700022366043486,2,0.9663539702463613,3.199971231707213,0.6547266278623748,0.20460391061386896,birth_h,1.0540925533880756,6,"[(0, 1, 1), (0, 2, 2), (0, 3, 3), (1, 4, 1), (1, 5, 2), (1, 6, 3)]","[0, 1]",False,shared_edge,False,1,6,0,2,"[{""parent"": 0, ""children"": [1, 2, 3], ""circulation_log_ratio"": 25.8753682920119, ""raw_weight_norm"": 0.22361458310594498, ""complex_eig_imag_max"": 0.2316572112636233}, {""parent"": 1, ""children"": [4, 5, 6], ""circulation_log_ratio"": 25.763422927413046, ""raw_weight_norm"": 0.20798460816813277, ""complex_eig_imag_max"": 0.21519266654003144}]",25.8753682920119,0.2316572112636233,25.819395609712473,0.21579959563703888,0.22342493890182735,4,0.9318703662099731,2,1646172.5514345176,0.9999999995924517,0.0,1350.7551765522244,"[[1350.7551765522244, 0.0], [-1104.9753996272145, 0.0], [-234.33173606396258, 0.0], [-118.60929976205085, 0.0]]",0.9994342059698708,0.9994164920140919,3477.372631082405,4,"[3318.4866500770804, 1025.9144060469632, 140.5268568431319, 86.70987620944085]",0.6092767964913812,0.9999996798574359,0.7929576188278915,forward_cycle,14790.350529338522,False,0,True,ok,"[[0, 1, 2], [0, 2, 3], [1, 4, 6], [3, 4, 5]]",5
"[3, 4, 5]","[0, 1, 2]","[1, 4, 6]","[0, 2, 3]",False,2,0.9746027151780008,False,0.9746027151780008,0.9350818515648857,2,0.8955609879517705,3.199971231707213,0.6547266278623748,0.20460391061386896,birth_h,1.0540925533880756,6,"[(0, 1, 1), (0, 2, 2), (0, 3, 3), (1, 4, 1), (1, 5, 2), (1, 6, 3)]","[0, 1]",False,shared_edge,False,1,6,0,2,"[{""parent"": 0, ""children"": [1, 2, 3], ""circulation_log_ratio"": 25.8753682920119, ""raw_weight_norm"": 0.22361458310594498, ""complex_eig_imag_max"": 0.2316572112636233}, {""parent"": 1, ""children"": [4, 5, 6], ""circulation_log_ratio"": 25.763422927413046, ""raw_weight_norm"": 0.20798460816813277, ""complex_eig_imag_max"": 0.21519266654003144}]",25.8753682920119,0.2316572112636233,25.819395609712473,0.21579959563703888,0.22342493890182735,4,0.8352718652265825,2,108076400606630.58,1.0,0.0,10132572.62846516,"[[-10132572.62846516, 0.0], [-4635222.74590986, 0.0], [-1.735206996221764e-05, 0.0], [-7.371823836582254e-05, 0.0]]",0.9999999409392011,0.9999998850319108,22984686.823998082,4,"[20333497.12374605, 10716563.027196836, 2.628931824014471e-05, 1.048856233659264e-05]",0.6184621724065666,0.9999999999999933,0.7858145718311352,reverse_cycle,56499792.3910817,False,0,True,ok,"[[0, 1, 2], [0, 2, 3], [1, 4, 6], [3, 4, 5]]",5
"[3, 4, 5]","[0, 1, 2]","[1, 4, 6]","[0, 2, 3]",False,2,0.974592807730501,False,0.974592807730501,0.9350783437786152,2,0.8955638798267292,3.199971231707213,0.6547266278623748,0.20460391061386896,birth_h,1.0540925533880756,6,"[(0, 1, 1), (0, 2, 2), (0, 3, 3), (1, 4, 1), (1, 5, 2), (1, 6, 3)]","[0, 1]",False,shared_edge,False,1,6,0,2,"[{""parent"": 0, ""children"": [1, 2, 3], ""circulation_log_ratio"": 25.8753682920119, ""raw_weight_norm"": 0.22361458310594498, ""complex_eig_imag_max"": 0.2316572112636233}, {""parent"": 1, ""children"": [4, 5, 6], ""circulation_log_ratio"": 25.763422927413046, ""raw_weight_norm"": 0.20798460816813277, ""complex_eig_imag_max"": 0.21519266654003144}]",25.8753682920119,0.2316572112636233,25.819395609712473,0.21579959563703888,0.22342493890182735,4,0.8352591007647842,2,27021310698752.203,1.0,0.0,5066911.539265625,"[[5066911.539265625, 0.0], [2316932.563068647, 0.0], [-0.01288977799162477, 0.0], [0.01715910112317943, 0.0]]",0.9999997700714407,0.9999998818795773,11492632.36727033,4,"[10167092.039009172, 5358249.546218047, 0.008083616570122569, 0.005896186884071072]",0.618457187767511,0.9999999999999736,0.7858184948820569,cycle_difference,28249523.028595347,False,0,True,ok,"[[0, 1, 2], [0, 2, 3], [1, 4, 6], [3, 4, 5]]",5
"[3, 4, 5]","[0, 1, 2]","[1, 4, 6]","[0, 2, 3]",False,2,0.9746126213142219,False,0.9746126213142219,0.9350853627116537,2,0.8955581041090854,3.199971231707213,0.6547266278623748,0.20460391061386896,birth_h,1.0540925533880756,6,"[(0, 1, 1), (0, 2, 2), (0, 3, 3), (1, 4, 1), (1, 5, 2), (1, 6, 3)]","[0, 1]",False,shared_edge,False,1,6,0,2,"[{""parent"": 0, ""children"": [1, 2, 3], ""circulation_log_ratio"": 25.8753682920119, ""raw_weight_norm"": 0.22361458310594498, ""complex_eig_imag_max"": 0.2316572112636233}, {""parent"": 1, ""children"": [4, 5, 6], ""circulation_log_ratio"": 25.763422927413046, ""raw_weight_norm"": 0.20798460816813277, ""complex_eig_imag_max"": 0.21519266654003144}]",25.8753682920119,0.2316572112636233,25.819395609712473,0.21579959563703888,0.22342493890182735,4,0.8352846397194945,2,27016891959756.188,1.0,0.0,5065661.06972178,"[[-5065661.06972178, 0.0], [-2318290.1938842507, 0.0], [0.012892792911622042, 0.0], [-0.017149262611886495, 0.0]]",0.9999998818772617,0.9999997700562617,11492054.712516213,4,"[10166405.557113154, 5358313.126699936, 0.008085663340940425, 0.005895018454853053]",0.6184671570891839,0.9999999999999736,0.7858106486947238,cycle_sum,28250271.293418802,False,0,True,ok,"[[0, 1, 2], [0, 2, 3], [1, 4, 6], [3, 4, 5]]",5
"[3, 4, 5]","[0, 1, 2]","[1, 4, 6]","[0, 2, 3]",False,2,0.9395704359187724,False,0.9645762917145595,0.952073363816666,2,0.9645762917145595,3.199971231707213,0.6547266278623748,0.20460391061386896,birth_h,1.0540925533880756,6,"[(0, 1, 1), (0, 2, 2), (0, 3, 3), (1, 4, 1), (1, 5, 2), (1, 6, 3)]","[0, 1]",True,shared_edge,False,1,6,0,2,"[{""parent"": 0, ""children"": [1, 2, 3], ""circulation_log_ratio"": 25.8753682920119, ""raw_weight_norm"": 0.22361458310594498, ""complex_eig_imag_max"": 0.2316572112636233}, {""parent"": 1, ""children"": [4, 5, 6], ""circulation_log_ratio"": 25.763422927413046, ""raw_weight_norm"": 0.20798460816813277, ""complex_eig_imag_max"": 0.21519266654003144}]",25.8753682920119,0.2316572112636233,25.819395609712473,0.21579959563703888,0.22342493890182735,4,0.8411671061656936,2,1.03223511574781,0.9083847384741444,0.2581561175483512,0.3190777229805615,"[[-0.1251163728678436, 0.2581561175483512], [-0.1251163728678436, -0.2581561175483512], [0.3190777229805615, 0.0], [0.20249136962193906, 0.0]]",0.705986744955677,0.7882376814650393,0.9717046297387689,4,"[0.8450179181958979, 0.43149317672906573, 0.1960482572339109, 0.07438632035148947]",0.691648376888591,0.8514322505825892,0.7222343959860396,signed_C3_skew,2.711920641829957,True,0,True,ok,"[[0, 1, 2], [0, 2, 3], [1, 4, 6], [3, 4, 5]]",5
"[3, 4, 5]","[0, 1, 2]","[1, 4, 6]","[0, 2, 3]",False,2,0.8678866372831855,False,0.9525507326635428,0.9102186849733642,2,0.9525507326635428,6.821631731458342,0.7934237599042965,0.11630996675451653,conductance_birth_q,1.4200693174608081,6,"[(0, 1, 1), (0, 2, 2), (0, 3, 3), (1, 4, 1), (1, 5, 2), (1, 6, 3)]","[0, 1]",False,shared_edge,False,1,6,0,2,"[{""parent"": 0, ""children"": [1, 2, 3], ""circulation_log_ratio"": 25.8753682920119, ""raw_weight_norm"": 0.22361458310594498, ""complex_eig_imag_max"": 0.2316572112636233}, {""parent"": 1, ""children"": [4, 5, 6], ""circulation_log_ratio"": 25.763422927413046, ""raw_weight_norm"": 0.20798460816813277, ""complex_eig_imag_max"": 0.21519266654003144}]",25.8753682920119,0.2316572112636233,25.819395609712473,0.21579959563703888,0.22342493890182735,4,0.8396598468012227,2,1.0785881371380277,0.9109900534252433,0.0,0.5030116129571216,"[[0.5030116129571216, 0.0], [-0.18478223167054458, 0.0], [-0.030878320017997684, 0.0], [0.06155367265833654, 0.0]]",0.7392910640971991,0.8695777445614423,0.5803172226676387,4,"[0.5406218411354883, 0.1965696328398114, 0.07306741843722396, 0.02275160697836644]",0.25807864535172254,0.9528973022413454,0.9661239117266343,markov,1.7555148699038547,False,0,True,ok,"[[0, 1, 2], [0, 2, 3], [1, 4, 6], [3, 4, 5]]",5
"[3, 4, 5]","[0, 1, 2]","[1, 4, 6]","[0, 2, 3]",False,2,0.8979999104605925,False,0.9278029509269716,0.912901430693782,2,0.9278029509269716,6.821631731458342,0.7934237599042965,0.11630996675451653,conductance_birth_q,1.4200693174608081,6,"[(0, 1, 1), (0, 2, 2), (0, 3, 3), (1, 4, 1), (1, 5, 2), (1, 6, 3)]","[0, 1]",True,shared_edge,False,1,6,0,2,"[{""parent"": 0, ""children"": [1, 2, 3], ""circulation_log_ratio"": 25.8753682920119, ""raw_weight_norm"": 0.22361458310594498, ""complex_eig_imag_max"": 0.2316572112636233}, {""parent"": 1, ""children"": [4, 5, 6], ""circulation_log_ratio"": 25.763422927413046, ""raw_weight_norm"": 0.20798460816813277, ""complex_eig_imag_max"": 0.21519266654003144}]",25.8753682920119,0.2316572112636233,25.819395609712473,0.21579959563703888,0.22342493890182735,4,0.8497919532690489,2,1.000990395322014,0.9963315638352932,0.12745686308190537,0.16538787997177953,"[[0.04059257824077005, 0.12745686308190537], [0.04059257824077005, -0.12745686308190537], [-0.16538787997177953, 0.0], [-0.01719182267042406, 0.0]]",0.846729980517354,0.8071496479699705,0.4891188011490935,4,"[0.4361251125235493, 0.21215834072099746, 0.06280347945324558, 0.008754958305263068]",0.7093882483617326,0.951071280610859,0.7048179290300323,skew_markov,2.0373740352226326,True,0,True,ok,"[[0, 1, 2], [0, 2, 3], [1, 4, 6], [3, 4, 5]]",5
"[3, 4, 5]","[0, 1, 2]","[1, 4, 6]","[0, 2, 3]",False,2,0.874749439972399,False,0.9473958461624271,0.911072643067413,2,0.9473958461624271,6.821631731458342,0.7934237599042965,0.11630996675451653,conductance_birth_q,1.4200693174608081,6,"[(0, 1, 1), (0, 2, 2), (0, 3, 3), (1, 4, 1), (1, 5, 2), (1, 6, 3)]","[0, 1]",False,shared_edge,False,1,6,0,2,"[{""parent"": 0, ""children"": [1, 2, 3], ""circulation_log_ratio"": 25.8753682920119, ""raw_weight_norm"": 0.22361458310594498, ""complex_eig_imag_max"": 0.2316572112636233}, {""parent"": 1, ""children"": [4, 5, 6], ""circulation_log_ratio"": 25.763422927413046, ""raw_weight_norm"": 0.20798460816813277, ""complex_eig_imag_max"": 0.21519266654003144}]",25.8753682920119,0.2316572112636233,25.819395609712473,0.21579959563703888,0.22342493890182735,4,0.8626910005308239,2,3779912.1487458367,0.9999999998435498,0.0,2024.1843585546274,"[[-1088.9732069003567, 0.0], [-30.515867353322825, 0.0], [1410.4997673138512, 0.0], [2024.1843585546274, 0.0]]",0.9994110347616133,0.9996606523358739,4305.963599688002,4,"[3301.981529305974, 2726.5249681513656, 451.3945407558796, 23.346703905158083]",0.5512292099362374,0.9999998627140898,0.8343538566538009,forward_cycle,14789.160270899225,False,0,True,ok,"[[0, 1, 2], [0, 2, 3], [1, 4, 6], [3, 4, 5]]",5
"[3, 4, 5]","[0, 1, 2]","[1, 4, 6]","[0, 2, 3]",False,2,0.9708539145117233,False,0.9865205046448876,0.9786872095783055,2,0.9865205046448876,6.821631731458342,0.7934237599042965,0.11630996675451653,conductance_birth_q,1.4200693174608081,6,"[(0, 1, 1), (0, 2, 2), (0, 3, 3), (1, 4, 1), (1, 5, 2), (1, 6, 3)]","[0, 1]",False,shared_edge,False,1,6,0,2,"[{""parent"": 0, ""children"": [1, 2, 3], ""circulation_log_ratio"": 25.8753682920119, ""raw_weight_norm"": 0.22361458310594498, ""complex_eig_imag_max"": 0.2316572112636233}, {""parent"": 1, ""children"": [4, 5, 6], ""circulation_log_ratio"": 25.763422927413046, ""raw_weight_norm"": 0.20798460816813277, ""complex_eig_imag_max"": 0.21519266654003144}]",25.8753682920119,0.2316572112636233,25.819395609712473,0.21579959563703888,0.22342493890182735,4,0.9459399453703292,2,16655806449441.207,1.0,8.979529289106644e-05,3900931.782727235,"[[3900931.782727235, 0.0], [1286504.829536744, 0.0], [-9.417563161683658e-05, 8.979529289106644e-05], [-9.417563161683658e-05, -8.979529289106644e-05]]",0.9999997522395911,0.9999998531906034,10137620.224294147,4,"[9293279.445546463, 4050469.227015722, 7.182882310911088e-05, 3.142742918843612e-05]",0.6464619812204931,0.9999999999999553,0.7629462017970041,reverse_cycle,61356700.97141034,False,0,True,ok,"[[0, 1, 2], [0, 2, 3], [1, 4, 6], [3, 4, 5]]",5
"[3, 4, 5]","[0, 1, 2]","[1, 4, 6]","[0, 2, 3]",False,2,0.9708592724434094,False,0.9865294528894084,0.9786943626664089,2,0.9865294528894084,6.821631731458342,0.7934237599042965,0.11630996675451653,conductance_birth_q,1.4200693174608081,6,"[(0, 1, 1), (0, 2, 2), (0, 3, 3), (1, 4, 1), (1, 5, 2), (1, 6, 3)]","[0, 1]",False,shared_edge,False,1,6,0,2,"[{""parent"": 0, ""children"": [1, 2, 3], ""circulation_log_ratio"": 25.8753682920119, ""raw_weight_norm"": 0.22361458310594498, ""complex_eig_imag_max"": 0.2316572112636233}, {""parent"": 1, ""children"": [4, 5, 6], ""circulation_log_ratio"": 25.763422927413046, ""raw_weight_norm"": 0.20798460816813277, ""complex_eig_imag_max"": 0.21519266654003144}]",25.8753682920119,0.2316572112636233,25.819395609712473,0.21579959563703888,0.22342493890182735,4,0.9459624753389867,2,4161497540812.3457,1.0,0.0,1949370.6566729436,"[[-1949370.6566729436, 0.0], [-643190.5745773456, 0.0], [0.513522903948267, 0.0], [0.009215375840737018, 0.0]]",0.9999997062853205,0.9999995043667833,5067471.140728821,4,"[4645586.818552492, 2024299.1067060188, 0.10952641527556942, 0.005760667622922071]",0.6464939458886854,0.9999999999998207,0.7629191162431819,cycle_difference,30675483.614380058,False,0,True,ok,"[[0, 1, 2], [0, 2, 3], [1, 4, 6], [3, 4, 5]]",5
"[3, 4, 5]","[0, 1, 2]","[1, 4, 6]","[0, 2, 3]",False,2,0.9708485437180697,False,0.9865115557734325,0.9786800497457511,2,0.9865115557734325,6.821631731458342,0.7934237599042965,0.11630996675451653,conductance_birth_q,1.4200693174608081,6,"[(0, 1, 1), (0, 2, 2), (0, 3, 3), (1, 4, 1), (1, 5, 2), (1, 6, 3)]","[0, 1]",False,shared_edge,False,1,6,0,2,"[{""parent"": 0, ""children"": [1, 2, 3], ""circulation_log_ratio"": 25.8753682920119, ""raw_weight_norm"": 0.22361458310594498, ""complex_eig_imag_max"": 0.2316572112636233}, {""parent"": 1, ""children"": [4, 5, 6], ""circulation_log_ratio"": 25.763422927413046, ""raw_weight_norm"": 0.20798460816813277, ""complex_eig_imag_max"": 0.21519266654003144}]",25.8753682920119,0.2316572112636233,25.819395609712473,0.21579959563703888,0.22342493890182735,4,0.9459174086051826,2,4166407442730.6797,1.0,0.0,1951561.0822101654,"[[1951561.0822101654, 0.0], [643315.3440178877, 0.0], [-0.5134600391362876, 0.0], [-0.009204390934504206, 0.0]]",0.9999995045918655,0.9999997064772419,5070149.64419697,4,"[4647693.075065623, 2026170.4011602046, 0.10946654998860866, 0.0057558957766685424]",0.646430016922205,0.9999999999998209,0.7629732847367315,cycle_sum,30681218.87133992,False,0,True,ok,"[[0, 1, 2], [0, 2, 3], [1, 4, 6], [3, 4, 5]]",5
"[3, 4, 5]","[0, 1, 2]","[1, 4, 6]","[0, 2, 3]",False,2,0.9085300651674587,False,0.9535995585522575,0.9310648118598581,2,0.9535995585522575,6.821631731458342,0.7934237599042965,0.11630996675451653,conductance_birth_q,1.4200693174608081,6,"[(0, 1, 1), (0, 2, 2), (0, 3, 3), (1, 4, 1), (1, 5, 2), (1, 6, 3)]","[0, 1]",True,shared_edge,False,1,6,0,2,"[{""parent"": 0, ""children"": [1, 2, 3], ""circulation_log_ratio"": 25.8753682920119, ""raw_weight_norm"": 0.22361458310594498, ""complex_eig_imag_max"": 0.2316572112636233}, {""parent"": 1, ""children"": [4, 5, 6], ""circulation_log_ratio"": 25.763422927413046, ""raw_weight_norm"": 0.20798460816813277, ""complex_eig_imag_max"": 0.21519266654003144}]",25.8753682920119,0.2316572112636233,25.819395609712473,0.21579959563703888,0.22342493890182735,4,0.8968628813385187,2,0.9729143644645347,0.9720061181254237,0.2640086911930756,0.10855397326674276,"[[-0.10855397326674276, 0.2640086911930756], [-0.10855397326674276, -0.2640086911930756], [0.006452705457413415, 0.00857661446037288], [0.006452705457413415, -0.00857661446037288]]",0.8564333310056269,0.7782387632719622,0.5278828582768378,4,"[0.4822111986010186, 0.18794951812354468, 0.10395507703832572, 0.000996293820140754]",0.8414000627650318,0.9116827649237624,0.540412744460391,signed_C3_skew,2.3698040285001802,True,0,True,ok,"[[0, 1, 2], [0, 2, 3], [1, 4, 6], [3, 4, 5]]",5
"[3, 4, 5]","[0, 1, 2]","[1, 4, 6]","[0, 2, 3]",False,2,0.8678866372831855,False,0.9525507326635428,0.9102186849733642,2,0.9525507326635428,6.821631731458342,0.7934237599042965,0.11630996675451653,record_birth_q,1.4200693174608081,6,"[(0, 1, 1), (0, 2, 2), (0, 3, 3), (1, 4, 1), (1, 5, 2), (1, 6, 3)]","[0, 1]",False,shared_edge,False,1,6,0,2,"[{""parent"": 0, ""children"": [1, 2, 3], ""circulation_log_ratio"": 25.8753682920119, ""raw_weight_norm"": 0.22361458310594498, ""complex_eig_imag_max"": 0.2316572112636233}, {""parent"": 1, ""children"": [4, 5, 6], ""circulation_log_ratio"": 25.763422927413046, ""raw_weight_norm"": 0.20798460816813277, ""complex_eig_imag_max"": 0.21519266654003144}]",25.8753682920119,0.2316572112636233,25.819395609712473,0.21579959563703888,0.22342493890182735,4,0.8396598468012227,2,1.0785881371380277,0.9109900534252433,0.0,0.5030116129571216,"[[0.5030116129571216, 0.0], [-0.18478223167054458, 0.0], [-0.030878320017997684, 0.0], [0.06155367265833654, 0.0]]",0.7392910640971991,0.8695777445614423,0.5803172226676387,4,"[0.5406218411354883, 0.1965696328398114, 0.07306741843722396, 0.02275160697836644]",0.25807864535172254,0.9528973022413454,0.9661239117266343,markov,1.7555148699038547,False,0,True,ok,"[[0, 1, 2], [0, 2, 3], [1, 4, 6], [3, 4, 5]]",5
"[3, 4, 5]","[0, 1, 2]","[1, 4, 6]","[0, 2, 3]",False,2,0.8979999104605925,False,0.9278029509269716,0.912901430693782,2,0.9278029509269716,6.821631731458342,0.7934237599042965,0.11630996675451653,record_birth_q,1.4200693174608081,6,"[(0, 1, 1), (0, 2, 2), (0, 3, 3), (1, 4, 1), (1, 5, 2), (1, 6, 3)]","[0, 1]",True,shared_edge,False,1,6,0,2,"[{""parent"": 0, ""children"": [1, 2, 3], ""circulation_log_ratio"": 25.8753682920119, ""raw_weight_norm"": 0.22361458310594498, ""complex_eig_imag_max"": 0.2316572112636233}, {""parent"": 1, ""children"": [4, 5, 6], ""circulation_log_ratio"": 25.763422927413046, ""raw_weight_norm"": 0.20798460816813277, ""complex_eig_imag_max"": 0.21519266654003144}]",25.8753682920119,0.2316572112636233,25.819395609712473,0.21579959563703888,0.22342493890182735,4,0.8497919532690489,2,1.000990395322014,0.9963315638352932,0.12745686308190537,0.16538787997177953,"[[0.04059257824077005, 0.12745686308190537], [0.04059257824077005, -0.12745686308190537], [-0.16538787997177953, 0.0], [-0.01719182267042406, 0.0]]",0.846729980517354,0.8071496479699705,0.4891188011490935,4,"[0.4361251125235493, 0.21215834072099746, 0.06280347945324558, 0.008754958305263068]",0.7093882483617326,0.951071280610859,0.7048179290300323,skew_markov,2.0373740352226326,True,0,True,ok,"[[0, 1, 2], [0, 2, 3], [1, 4, 6], [3, 4, 5]]",5
"[3, 4, 5]","[0, 1, 2]","[1, 4, 6]","[0, 2, 3]",False,2,0.874749439972399,False,0.9473958461624271,0.911072643067413,2,0.9473958461624271,6.821631731458342,0.7934237599042965,0.11630996675451653,record_birth_q,1.4200693174608081,6,"[(0, 1, 1), (0, 2, 2), (0, 3, 3), (1, 4, 1), (1, 5, 2), (1, 6, 3)]","[0, 1]",False,shared_edge,False,1,6,0,2,"[{""parent"": 0, ""children"": [1, 2, 3], ""circulation_log_ratio"": 25.8753682920119, ""raw_weight_norm"": 0.22361458310594498, ""complex_eig_imag_max"": 0.2316572112636233}, {""parent"": 1, ""children"": [4, 5, 6], ""circulation_log_ratio"": 25.763422927413046, ""raw_weight_norm"": 0.20798460816813277, ""complex_eig_imag_max"": 0.21519266654003144}]",25.8753682920119,0.2316572112636233,25.819395609712473,0.21579959563703888,0.22342493890182735,4,0.8626910005308239,2,3779912.1487458367,0.9999999998435498,0.0,2024.1843585546274,"[[-1088.9732069003567, 0.0], [-30.515867353322825, 0.0], [1410.4997673138512, 0.0], [2024.1843585546274, 0.0]]",0.9994110347616133,0.9996606523358739,4305.963599688002,4,"[3301.981529305974, 2726.5249681513656, 451.3945407558796, 23.346703905158083]",0.5512292099362374,0.9999998627140898,0.8343538566538009,forward_cycle,14789.160270899225,False,0,True,ok,"[[0, 1, 2], [0, 2, 3], [1, 4, 6], [3, 4, 5]]",5
"[3, 4, 5]","[0, 1, 2]","[1, 4, 6]","[0, 2, 3]",False,2,0.9708539145117233,False,0.9865205046448876,0.9786872095783055,2,0.9865205046448876,6.821631731458342,0.7934237599042965,0.11630996675451653,record_birth_q,1.4200693174608081,6,"[(0, 1, 1), (0, 2, 2), (0, 3, 3), (1, 4, 1), (1, 5, 2), (1, 6, 3)]","[0, 1]",False,shared_edge,False,1,6,0,2,"[{""parent"": 0, ""children"": [1, 2, 3], ""circulation_log_ratio"": 25.8753682920119, ""raw_weight_norm"": 0.22361458310594498, ""complex_eig_imag_max"": 0.2316572112636233}, {""parent"": 1, ""children"": [4, 5, 6], ""circulation_log_ratio"": 25.763422927413046, ""raw_weight_norm"": 0.20798460816813277, ""complex_eig_imag_max"": 0.21519266654003144}]",25.8753682920119,0.2316572112636233,25.819395609712473,0.21579959563703888,0.22342493890182735,4,0.9459399453703292,2,16655806449441.207,1.0,8.979529289106644e-05,3900931.782727235,"[[3900931.782727235, 0.0], [1286504.829536744, 0.0], [-9.417563161683658e-05, 8.979529289106644e-05], [-9.417563161683658e-05, -8.979529289106644e-05]]",0.9999997522395911,0.9999998531906034,10137620.224294147,4,"[9293279.445546463, 4050469.227015722, 7.182882310911088e-05, 3.142742918843612e-05]",0.6464619812204931,0.9999999999999553,0.7629462017970041,reverse_cycle,61356700.97141034,False,0,True,ok,"[[0, 1, 2], [0, 2, 3], [1, 4, 6], [3, 4, 5]]",5
"[3, 4, 5]","[0, 1, 2]","[1, 4, 6]","[0, 2, 3]",False,2,0.9708592724434094,False,0.9865294528894084,0.9786943626664089,2,0.9865294528894084,6.821631731458342,0.7934237599042965,0.11630996675451653,record_birth_q,1.4200693174608081,6,"[(0, 1, 1), (0, 2, 2), (0, 3, 3), (1, 4, 1), (1, 5, 2), (1, 6, 3)]","[0, 1]",False,shared_edge,False,1,6,0,2,"[{""parent"": 0, ""children"": [1, 2, 3], ""circulation_log_ratio"": 25.8753682920119, ""raw_weight_norm"": 0.22361458310594498, ""complex_eig_imag_max"": 0.2316572112636233}, {""parent"": 1, ""children"": [4, 5, 6], ""circulation_log_ratio"": 25.763422927413046, ""raw_weight_norm"": 0.20798460816813277, ""complex_eig_imag_max"": 0.21519266654003144}]",25.8753682920119,0.2316572112636233,25.819395609712473,0.21579959563703888,0.22342493890182735,4,0.9459624753389867,2,4161497540812.3457,1.0,0.0,1949370.6566729436,"[[-1949370.6566729436, 0.0], [-643190.5745773456, 0.0], [0.513522903948267, 0.0], [0.009215375840737018, 0.0]]",0.9999997062853205,0.9999995043667833,5067471.140728821,4,"[4645586.818552492, 2024299.1067060188, 0.10952641527556942, 0.005760667622922071]",0.6464939458886854,0.9999999999998207,0.7629191162431819,cycle_difference,30675483.614380058,False,0,True,ok,"[[0, 1, 2], [0, 2, 3], [1, 4, 6], [3, 4, 5]]",5
"[3, 4, 5]","[0, 1, 2]","[1, 4, 6]","[0, 2, 3]",False,2,0.9708485437180697,False,0.9865115557734325,0.9786800497457511,2,0.9865115557734325,6.821631731458342,0.7934237599042965,0.11630996675451653,record_birth_q,1.4200693174608081,6,"[(0, 1, 1), (0, 2, 2), (0, 3, 3), (1, 4, 1), (1, 5, 2), (1, 6, 3)]","[0, 1]",False,shared_edge,False,1,6,0,2,"[{""parent"": 0, ""children"": [1, 2, 3], ""circulation_log_ratio"": 25.8753682920119, ""raw_weight_norm"": 0.22361458310594498, ""complex_eig_imag_max"": 0.2316572112636233}, {""parent"": 1, ""children"": [4, 5, 6], ""circulation_log_ratio"": 25.763422927413046, ""raw_weight_norm"": 0.20798460816813277, ""complex_eig_imag_max"": 0.21519266654003144}]",25.8753682920119,0.2316572112636233,25.819395609712473,0.21579959563703888,0.22342493890182735,4,0.9459174086051826,2,4166407442730.6797,1.0,0.0,1951561.0822101654,"[[1951561.0822101654, 0.0], [643315.3440178877, 0.0], [-0.5134600391362876, 0.0], [-0.009204390934504206, 0.0]]",0.9999995045918655,0.9999997064772419,5070149.64419697,4,"[4647693.075065623, 2026170.4011602046, 0.10946654998860866, 0.0057558957766685424]",0.646430016922205,0.9999999999998209,0.7629732847367315,cycle_sum,30681218.87133992,False,0,True,ok,"[[0, 1, 2], [0, 2, 3], [1, 4, 6], [3, 4, 5]]",5
"[3, 4, 5]","[0, 1, 2]","[1, 4, 6]","[0, 2, 3]",False,2,0.9085300651674587,False,0.9535995585522575,0.9310648118598581,2,0.9535995585522575,6.821631731458342,0.7934237599042965,0.11630996675451653,record_birth_q,1.4200693174608081,6,"[(0, 1, 1), (0, 2, 2), (0, 3, 3), (1, 4, 1), (1, 5, 2), (1, 6, 3)]","[0, 1]",True,shared_edge,False,1,6,0,2,"[{""parent"": 0, ""children"": [1, 2, 3], ""circulation_log_ratio"": 25.8753682920119, ""raw_weight_norm"": 0.22361458310594498, ""complex_eig_imag_max"": 0.2316572112636233}, {""parent"": 1, ""children"": [4, 5, 6], ""circulation_log_ratio"": 25.763422927413046, ""raw_weight_norm"": 0.20798460816813277, ""complex_eig_imag_max"": 0.21519266654003144}]",25.8753682920119,0.2316572112636233,25.819395609712473,0.21579959563703888,0.22342493890182735,4,0.8968628813385187,2,0.9729143644645347,0.9720061181254237,0.2640086911930756,0.10855397326674276,"[[-0.10855397326674276, 0.2640086911930756], [-0.10855397326674276, -0.2640086911930756], [0.006452705457413415, 0.00857661446037288], [0.006452705457413415, -0.00857661446037288]]",0.8564333310056269,0.7782387632719622,0.5278828582768378,4,"[0.4822111986010186, 0.18794951812354468, 0.10395507703832572, 0.000996293820140754]",0.8414000627650318,0.9116827649237624,0.540412744460391,signed_C3_skew,2.3698040285001802,True,0,True,ok,"[[0, 1, 2], [0, 2, 3], [1, 4, 6], [3, 4, 5]]",5
"[0, 1, 6]","[2, 4, 7]","[4, 6, 7]","[0, 3, 5]",False,2,0.933573783206425,False,0.933573783206425,0.8569063364113192,2,0.7802388896162132,4.142788957642547,0.5994327176321554,0.1446930374095425,radial,0.9428090415811206,6,"[(0, 1, 1), (0, 2, 2), (0, 3, 3), (1, 4, 1), (1, 5, 2), (1, 6, 3)]","[0, 1]",True,shared_edge,False,1,7,0,2,"[{""parent"": 0, ""children"": [1, 2, 3], ""circulation_log_ratio"": 25.8753682920119, ""raw_weight_norm"": 0.22361458310594498, ""complex_eig_imag_max"": 0.2316572112636233}, {""parent"": 1, ""children"": [4, 5, 6], ""circulation_log_ratio"": 25.763422927413046, ""raw_weight_norm"": 0.20798460816813277, ""complex_eig_imag_max"": 0.21519266654003144}]",25.8753682920119,0.2316572112636233,25.819395609712473,0.21579959563703888,0.22342493890182735,4,0.7002284848940362,2,1.0853332278914352,0.890974297159154,0.2018375776959575,0.366695041098129,"[[-0.366695041098129, 0.2018375776959575], [-0.366695041098129, -0.2018375776959575], [0.0534953182278327, 0.03885136086210383], [0.0534953182278327, -0.03885136086210383]]",0.8320709156055407,0.6448310400466918,1.010098264570138,4,"[0.9787482964700797, 0.21233589936669844, 0.128209195007217, 0.02874272778039563]",0.6378184715094852,0.8427351798381079,0.7701867289166465,markov,2.523660226387013,True,1,True,ok,"[[0, 1, 6], [0, 3, 5], [2, 4, 7], [4, 6, 7]]",4
"[0, 1, 6]","[2, 4, 7]","[4, 6, 7]","[0, 3, 5]",False,2,0.9073024417077737,False,0.9073024417077737,0.9065770481837168,2,0.9058516546596599,4.142788957642547,0.5994327176321554,0.1446930374095425,radial,0.9428090415811206,6,"[(0, 1, 1), (0, 2, 2), (0, 3, 3), (1, 4, 1), (1, 5, 2), (1, 6, 3)]","[0, 1]",True,shared_edge,False,1,7,0,2,"[{""parent"": 0, ""children"": [1, 2, 3], ""circulation_log_ratio"": 25.8753682920119, ""raw_weight_norm"": 0.22361458310594498, ""complex_eig_imag_max"": 0.2316572112636233}, {""parent"": 1, ""children"": [4, 5, 6], ""circulation_log_ratio"": 25.763422927413046, ""raw_weight_norm"": 0.20798460816813277, ""complex_eig_imag_max"": 0.21519266654003144}]",25.8753682920119,0.2316572112636233,25.819395609712473,0.21579959563703888,0.22342493890182735,4,0.8334123979458686,2,0.9801521916661834,0.9923907297029293,0.20002285260060765,0.01166836058375573,"[[-0.010061193706620095, 0.20002285260060765], [-0.010061193706620095, -0.20002285260060765], [-0.01166836058375573, 0.021487193932823036], [-0.01166836058375573, -0.021487193932823036]]",0.8699674767117102,0.8518467645112232,0.36042183526475013,4,"[0.3223728792144435, 0.14235338255521715, 0.07527919617537056, 0.00694141058276551]",0.8998428359758011,0.9511191848837957,0.43621424843473267,skew_markov,1.2368563814344131,True,1,True,ok,"[[0, 1, 6], [0, 3, 5], [2, 4, 7], [4, 6, 7]]",4
"[0, 1, 6]","[2, 4, 7]","[4, 6, 7]","[0, 3, 5]",False,2,0.950254926757986,False,0.950254926757986,0.8824788589634036,2,0.8147027911688213,4.142788957642547,0.5994327176321554,0.1446930374095425,radial,0.9428090415811206,6,"[(0, 1, 1), (0, 2, 2), (0, 3, 3), (1, 4, 1), (1, 5, 2), (1, 6, 3)]","[0, 1]",True,shared_edge,False,1,7,0,2,"[{""parent"": 0, ""children"": [1, 2, 3], ""circulation_log_ratio"": 25.8753682920119, ""raw_weight_norm"": 0.22361458310594498, ""complex_eig_imag_max"": 0.2316572112636233}, {""parent"": 1, ""children"": [4, 5, 6], ""circulation_log_ratio"": 25.763422927413046, ""raw_weight_norm"": 0.20798460816813277, ""complex_eig_imag_max"": 0.21519266654003144}]",25.8753682920119,0.2316572112636233,25.819395609712473,0.21579959563703888,0.22342493890182735,4,0.7388089680577515,2,6838199.152147453,0.999999999945988,1284.4236292243904,2187.261230010776,"[[-2187.261230010776, 1284.4236292243904], [-2187.261230010776, -1284.4236292243904], [182.98928722877605, 353.0637206213502], [182.98928722877605, -353.0637206213502]]",0.9997554306096621,0.999384438292786,4647.63935952143,4,"[4096.357332801194, 2103.476424148442, 597.250098358019, 197.70551646749203]",0.5992618529380022,0.999999886302638,0.8005530785733771,forward_cycle,14706.34390195151,True,1,True,ok,"[[0, 1, 6], [0, 3, 5], [2, 4, 7], [4, 6, 7]]",4
"[0, 1, 6]","[2, 4, 7]","[4, 6, 7]","[0, 3, 5]",False,2,0.9554077823016877,False,0.9648102690468257,0.9601090256742566,2,0.9648102690468257,4.142788957642547,0.5994327176321554,0.1446930374095425,radial,0.9428090415811206,6,"[(0, 1, 1), (0, 2, 2), (0, 3, 3), (1, 4, 1), (1, 5, 2), (1, 6, 3)]","[0, 1]",True,shared_edge,False,1,7,0,2,"[{""parent"": 0, ""children"": [1, 2, 3], ""circulation_log_ratio"": 25.8753682920119, ""raw_weight_norm"": 0.22361458310594498, ""complex_eig_imag_max"": 0.2316572112636233}, {""parent"": 1, ""children"": [4, 5, 6], ""circulation_log_ratio"": 25.763422927413046, ""raw_weight_norm"": 0.20798460816813277, ""complex_eig_imag_max"": 0.21519266654003144}]",25.8753682920119,0.2316572112636233,25.819395609712473,0.21579959563703888,0.22342493890182735,4,0.8897770410330835,2,25367945748150.418,1.0,4437301.529483438,1753962.0459100935,"[[1753962.0459100935, 4437301.529483438], [1753962.0459100935, -4437301.529483438], [2.7342818187365214e-05, 0.0], [-5.812733832020548e-05, 0.0]]",0.999999779536889,0.9999998422581525,10576272.95699661,4,"[8577894.77281109, 6186862.769407284, 3.852230886652789e-05, 1.7698629893704787e-05]",0.8053083867877547,0.9999999999999478,0.5928561395223163,reverse_cycle,55571535.329198934,True,1,True,ok,"[[0, 1, 6], [0, 3, 5], [2, 4, 7], [4, 6, 7]]",4
"[0, 1, 6]","[2, 4, 7]","[4, 6, 7]","[0, 3, 5]",False,2,0.9554270210627736,False,0.9647826614987701,0.9601048412807718,2,0.9647826614987701,4.142788957642547,0.5994327176321554,0.1446930374095425,radial,0.9428090415811206,6,"[(0, 1, 1), (0, 2, 2), (0, 3, 3), (1, 4, 1), (1, 5, 2), (1, 6, 3)]","[0, 1]",True,shared_edge,False,1,7,0,2,"[{""parent"": 0, ""children"": [1, 2, 3], ""circulation_log_ratio"": 25.8753682920119, ""raw_weight_norm"": 0.22361458310594498, ""complex_eig_imag_max"": 0.2316572112636233}, {""parent"": 1, ""children"": [4, 5, 6], ""circulation_log_ratio"": 25.763422927413046, ""raw_weight_norm"": 0.20798460816813277, ""complex_eig_imag_max"": 0.21519266654003144}]",25.8753682920119,0.2316572112636233,25.819395609712473,0.21579959563703888,0.22342493890182735,4,0.8897562569499986,2,6344844996519.725,1.0,2218912.4777094587,877983.3630258039,"[[-877983.3630258039, 2218912.4777094587], [-877983.3630258039, -2218912.4777094587], [0.029478072416510848, 0.0], [0.3787360504895429, 0.0]]",0.9999996846317647,0.9999995590893539,5289051.237117409,4,"[4289640.543336031, 3094034.097714641, 0.3107003483169081, 0.015416935206535077]",0.8052632248826661,0.9999999999997908,0.5929174804739429,cycle_difference,27785768.637564063,True,1,True,ok,"[[0, 1, 6], [0, 3, 5], [2, 4, 7], [4, 6, 7]]",4
"[0, 1, 6]","[2, 4, 7]","[4, 6, 7]","[0, 3, 5]",False,2,0.9553885472075077,False,0.9648378700314,0.9601132086194538,2,0.9648378700314,4.142788957642547,0.5994327176321554,0.1446930374095425,radial,0.9428090415811206,6,"[(0, 1, 1), (0, 2, 2), (0, 3, 3), (1, 4, 1), (1, 5, 2), (1, 6, 3)]","[0, 1]",True,shared_edge,False,1,7,0,2,"[{""parent"": 0, ""children"": [1, 2, 3], ""circulation_log_ratio"": 25.8753682920119, ""raw_weight_norm"": 0.22361458310594498, ""complex_eig_imag_max"": 0.2316572112636233}, {""parent"": 1, ""children"": [4, 5, 6], ""circulation_log_ratio"": 25.763422927413046, ""raw_weight_norm"": 0.20798460816813277, ""complex_eig_imag_max"": 0.21519266654003144}]",25.8753682920119,0.2316572112636233,25.819395609712473,0.21579959563703888,0.22342493890182735,4,0.8897978071516118,2,6339130938312.218,1.0,2218389.2920912686,875979.0912559282,"[[875979.0912559282, 2218389.2920912686], [875979.0912559282, -2218389.2920912686], [-0.02948167628915016, 0.0], [-0.37907826109678316, 0.0]]",0.9999995590585357,0.9999996844010143,5287222.58297034,4,"[4288254.91390909, 3092829.195931454, 0.3108672364495863, 0.015419640130737773]",0.8053535079847595,0.9999999999997905,0.5927948440874313,cycle_sum,27785768.63756408,True,1,True,ok,"[[0, 1, 6], [0, 3, 5], [2, 4, 7], [4, 6, 7]]",4
"[0, 1, 6]","[2, 4, 7]","[4, 6, 7]","[0, 3, 5]",False,2,0.9115407237694383,False,0.9115407237694383,0.9048567814235711,2,0.8981728390777038,4.142788957642547,0.5994327176321554,0.1446930374095425,radial,0.9428090415811206,6,"[(0, 1, 1), (0, 2, 2), (0, 3, 3), (1, 4, 1), (1, 5, 2), (1, 6, 3)]","[0, 1]",True,shared_edge,False,1,7,0,2,"[{""parent"": 0, ""children"": [1, 2, 3], ""circulation_log_ratio"": 25.8753682920119, ""raw_weight_norm"": 0.22361458310594498, ""complex_eig_imag_max"": 0.2316572112636233}, {""parent"": 1, ""children"": [4, 5, 6], ""circulation_log_ratio"": 25.763422927413046, ""raw_weight_norm"": 0.20798460816813277, ""complex_eig_imag_max"": 0.21519266654003144}]",25.8753682920119,0.2316572112636233,25.819395609712473,0.21579959563703888,0.22342493890182735,4,0.8556494640876676,2,0.8727238750169478,0.8888903262553833,0.5210833368239374,0.04353155174058088,"[[-0.04353155174058088, 0.5210833368239374], [-0.04353155174058088, -0.5210833368239374], [0.008966897114445621, 0.08657997240481587], [0.008966897114445621, -0.08657997240481587]]",0.7759648160265912,0.7534338037357585,0.8327640689868624,4,"[0.7286340459168096, 0.3840068605446687, 0.09544628307803141, 0.07757035405147965]",0.9484173698736027,0.7292682679592949,0.3170244352090801,signed_C3_skew,2.388282842358556,True,1,True,ok,"[[0, 1, 6], [0, 3, 5], [2, 4, 7], [4, 6, 7]]",4
"[0, 1, 6]","[2, 4, 7]","[4, 6, 7]","[0, 3, 5]",False,2,0.9415210381781819,False,0.971714100597761,0.9566175693879715,2,0.971714100597761,2.2817930639584425,0.5785524737539091,0.2535516839322658,birth_q,0.9428090415811206,6,"[(0, 1, 1), (0, 2, 2), (0, 3, 3), (1, 4, 1), (1, 5, 2), (1, 6, 3)]","[0, 1]",False,shared_edge,False,1,7,0,2,"[{""parent"": 0, ""children"": [1, 2, 3], ""circulation_log_ratio"": 25.8753682920119, ""raw_weight_norm"": 0.22361458310594498, ""complex_eig_imag_max"": 0.2316572112636233}, {""parent"": 1, ""children"": [4, 5, 6], ""circulation_log_ratio"": 25.763422927413046, ""raw_weight_norm"": 0.20798460816813277, ""complex_eig_imag_max"": 0.21519266654003144}]",25.8753682920119,0.2316572112636233,25.819395609712473,0.21579959563703888,0.22342493890182735,4,0.8686948252675486,2,1.0353347097986048,0.9811963596612076,0.0,0.2939868613394069,"[[0.2939868613394069, 0.0], [-0.20529201601429414, 0.0], [0.013629238884250081, 0.0], [-0.09477314125220192, 0.0]]",0.844196074294713,0.8472571360555554,0.4152636764716846,4,"[0.32905712592689307, 0.23518815812007188, 0.09346498255027441, 0.010777578136007116]",0.3172089128636463,0.9811694812179758,0.9483556851704152,markov,1.8300576902170524,False,1,True,ok,"[[0, 1, 6], [0, 3, 5], [2, 4, 7], [4, 6, 7]]",4
"[0, 1, 6]","[2, 4, 7]","[4, 6, 7]","[0, 3, 5]",False,2,0.9724895754625137,False,0.9829622648511053,0.9777259201568095,2,0.9829622648511053,2.2817930639584425,0.5785524737539091,0.2535516839322658,birth_q,0.9428090415811206,6,"[(0, 1, 1), (0, 2, 2), (0, 3, 3), (1, 4, 1), (1, 5, 2), (1, 6, 3)]","[0, 1]",False,shared_edge,False,1,7,0,2,"[{""parent"": 0, ""children"": [1, 2, 3], ""circulation_log_ratio"": 25.8753682920119, ""raw_weight_norm"": 0.22361458310594498, ""complex_eig_imag_max"": 0.2316572112636233}, {""parent"": 1, ""children"": [4, 5, 6], ""circulation_log_ratio"": 25.763422927413046, ""raw_weight_norm"": 0.20798460816813277, ""complex_eig_imag_max"": 0.21519266654003144}]",25.8753682920119,0.2316572112636233,25.819395609712473,0.21579959563703888,0.22342493890182735,4,0.9655288850857455,2,1.0039732294088242,0.9985375396851259,0.0,0.115226880128846,"[[0.115226880128846, 0.0], [0.040291272787871306, 0.0], [-0.029133131626579524, 0.0], [0.001975408706269062, 0.0]]",0.8918006759017428,0.9505118468236262,0.17873070638710392,4,"[0.14925894653894364, 0.09310389997712623, 0.03158679456721986, 0.0006086885372979776]",0.5034172289821212,0.994768833409251,0.8640434558242845,skew_markov,1.0384044285680434,False,1,True,ok,"[[0, 1, 6], [0, 3, 5], [2, 4, 7], [4, 6, 7]]",4
"[0, 1, 6]","[2, 4, 7]","[4, 6, 7]","[0, 3, 5]",False,2,0.9704451063940914,False,0.9791467263081008,0.9747959163510962,2,0.9791467263081008,2.2817930639584425,0.5785524737539091,0.2535516839322658,birth_q,0.9428090415811206,6,"[(0, 1, 1), (0, 2, 2), (0, 3, 3), (1, 4, 1), (1, 5, 2), (1, 6, 3)]","[0, 1]",True,shared_edge,False,1,7,0,2,"[{""parent"": 0, ""children"": [1, 2, 3], ""circulation_log_ratio"": 25.8753682920119, ""raw_weight_norm"": 0.22361458310594498, ""complex_eig_imag_max"": 0.2316572112636233}, {""parent"": 1, ""children"": [4, 5, 6], ""circulation_log_ratio"": 25.763422927413046, ""raw_weight_norm"": 0.20798460816813277, ""complex_eig_imag_max"": 0.21519266654003144}]",25.8753682920119,0.2316572112636233,25.819395609712473,0.21579959563703888,0.22342493890182735,4,0.9227449193388179,2,2010074.3565333786,0.9999999998662825,236.30878707764035,1974.3361722594452,"[[-1974.3361722594452, 0.0], [573.4699834880525, 0.0], [-193.33759717238541, 236.30878707764035], [-193.33759717238541, -236.30878707764035]]",0.9994694215070069,0.9987962483202352,2303.5154125566696,4,"[2025.1889807340635, 979.4976794808379, 482.9481697049817, 110.17354251230778]",0.32431876396015963,0.9999997617594367,0.9459478523382531,forward_cycle,11419.87745860847,True,1,True,ok,"[[0, 1, 6], [0, 3, 5], [2, 4, 7], [4, 6, 7]]",4
"[0, 1, 6]","[2, 4, 7]","[4, 6, 7]","[0, 3, 5]",False,2,0.7405637350749715,False,0.8921708052529778,0.8163672701639746,2,0.8921708052529778,2.2817930639584425,0.5785524737539091,0.2535516839322658,birth_q,0.9428090415811206,6,"[(0, 1, 1), (0, 2, 2), (0, 3, 3), (1, 4, 1), (1, 5, 2), (1, 6, 3)]","[0, 1]",False,shared_edge,False,1,7,0,2,"[{""parent"": 0, ""children"": [1, 2, 3], ""circulation_log_ratio"": 25.8753682920119, ""raw_weight_norm"": 0.22361458310594498, ""complex_eig_imag_max"": 0.2316572112636233}, {""parent"": 1, ""children"": [4, 5, 6], ""circulation_log_ratio"": 25.763422927413046, ""raw_weight_norm"": 0.20798460816813277, ""complex_eig_imag_max"": 0.21519266654003144}]",25.8753682920119,0.2316572112636233,25.819395609712473,0.21579959563703888,0.22342493890182735,4,0.48726948490127814,2,45292771872541.23,1.0,0.0,4211279.771200828,"[[4211279.771200828, 0.0], [-3891604.915003285, 0.0], [0.00019643290191877392, 0.0], [-5.124585326711985e-05, 0.0]]",0.9999998904903689,0.9999998923743619,18421693.377323486,4,"[16007878.909790741, 9116282.12033835, 5.60544021051202e-05, 2.0168396038767384e-05]",0.6719795259464195,0.999999999999982,0.7405697244073817,reverse_cycle,35461630.044868186,False,1,True,ok,"[[0, 1, 6], [0, 3, 5], [2, 4, 7], [4, 6, 7]]",4
"[0, 1, 6]","[2, 4, 7]","[4, 6, 7]","[0, 3, 5]",False,2,0.7405845667503989,False,0.8921767644732248,0.8163806656118118,2,0.8921767644732248,2.2817930639584425,0.5785524737539091,0.2535516839322658,birth_q,0.9428090415811206,6,"[(0, 1, 1), (0, 2, 2), (0, 3, 3), (1, 4, 1), (1, 5, 2), (1, 6, 3)]","[0, 1]",False,shared_edge,False,1,7,0,2,"[{""parent"": 0, ""children"": [1, 2, 3], ""circulation_log_ratio"": 25.8753682920119, ""raw_weight_norm"": 0.22361458310594498, ""complex_eig_imag_max"": 0.2316572112636233}, {""parent"": 1, ""children"": [4, 5, 6], ""circulation_log_ratio"": 25.763422927413046, ""raw_weight_norm"": 0.20798460816813277, ""complex_eig_imag_max"": 0.21519266654003144}]",25.8753682920119,0.2316572112636233,25.819395609712473,0.21579959563703888,0.22342493890182735,4,0.4873128204415472,2,11324491451838.2,1.0,0.0,2106317.996162348,"[[-2106317.996162348, 0.0], [1945586.639924097, 0.0], [0.1463470434981754, 0.0], [0.011028284428835598, 0.0]]",0.9999997847680202,0.9999997809792744,9211223.428975236,4,"[8004207.358819485, 4558431.925072733, 0.05378926370390962, 0.0033700550484351806]",0.6719736331311296,0.9999999999999276,0.7405750713982684,cycle_difference,17730815.94183345,False,1,True,ok,"[[0, 1, 6], [0, 3, 5], [2, 4, 7], [4, 6, 7]]",4
"[0, 1, 6]","[2, 4, 7]","[4, 6, 7]","[0, 3, 5]",False,2,0.74054293863706,False,0.8921648597231853,0.8163538991801227,2,0.8921648597231853,2.2817930639584425,0.5785524737539091,0.2535516839322658,birth_q,0.9428090415811206,6,"[(0, 1, 1), (0, 2, 2), (0, 3, 3), (1, 4, 1), (1, 5, 2), (1, 6, 3)]","[0, 1]",False,shared_edge,False,1,7,0,2,"[{""parent"": 0, ""children"": [1, 2, 3], ""circulation_log_ratio"": 25.8753682920119, ""raw_weight_norm"": 0.22361458310594498, ""complex_eig_imag_max"": 0.2316572112636233}, {""parent"": 1, ""children"": [4, 5, 6], ""circulation_log_ratio"": 25.763422927413046, ""raw_weight_norm"": 0.20798460816813277, ""complex_eig_imag_max"": 0.21519266654003144}]",25.8753682920119,0.2316572112636233,25.819395609712473,0.21579959563703888,0.22342493890182735,4,0.48722623479344707,2,11321895373585.26,1.0,0.0,2104962.059916256,"[[2104962.059916256, 0.0], [-1946018.2449759464, 0.0], [-0.14643416105529508, 0.0], [-0.011026340948610222, 0.0]]",0.9999997809822763,0.9999997847294989,9210470.076964112,4,"[8003671.678800906, 4557850.227531791, 0.05379465172627528, 0.003370362214076278]",0.6719854116138787,0.9999999999999277,0.7405643838169144,cycle_sum,17730815.941833425,False,1,True,ok,"[[0, 1, 6], [0, 3, 5], [2, 4, 7], [4, 6, 7]]",4
"[0, 1, 6]","[2, 4, 7]","[4, 6, 7]","[0, 3, 5]",False,2,0.8788469105958907,False,0.8788469105958907,0.8783669596538799,2,0.877887008711869,2.2817930639584425,0.5785524737539091,0.2535516839322658,birth_q,0.9428090415811206,6,"[(0, 1, 1), (0, 2, 2), (0, 3, 3), (1, 4, 1), (1, 5, 2), (1, 6, 3)]","[0, 1]",True,shared_edge,False,1,7,0,2,"[{""parent"": 0, ""children"": [1, 2, 3], ""circulation_log_ratio"": 25.8753682920119, ""raw_weight_norm"": 0.22361458310594498, ""complex_eig_imag_max"": 0.2316572112636233}, {""parent"": 1, ""children"": [4, 5, 6], ""circulation_log_ratio"": 25.763422927413046, ""raw_weight_norm"": 0.20798460816813277, ""complex_eig_imag_max"": 0.21519266654003144}]",25.8753682920119,0.2316572112636233,25.819395609712473,0.21579959563703888,0.22342493890182735,4,0.8364559275903385,2,0.884085358052519,0.9114260042205957,0.4371376480050182,0.08391227034121232,"[[-0.08391227034121232, 0.4371376480050182], [-0.08391227034121232, -0.4371376480050182], [0.015915056494431607, 0.24095009398919395], [0.015915056494431607, -0.24095009398919395]]",0.7815185863501686,0.7380232358736343,0.8688827976045792,4,"[0.7446523495467696, 0.31325554761191593, 0.2529520090171396, 0.19579692876086566]",0.9057325796074363,0.7666618136539242,0.4238496127582959,signed_C3_skew,2.3081321660698935,True,1,True,ok,"[[0, 1, 6], [0, 3, 5], [2, 4, 7], [4, 6, 7]]",4
"[0, 1, 6]","[2, 4, 7]","[4, 6, 7]","[0, 3, 5]",False,2,0.9942440125506912,False,0.9942440125506912,0.9786977084157646,2,0.9631514042808382,3.5918329023724813,0.5768201348875668,0.1605921407153916,birth_h,0.9428090415808255,6,"[(0, 1, 1), (0, 2, 2), (0, 3, 3), (1, 4, 1), (1, 5, 2), (1, 6, 3)]","[0, 1]",False,shared_edge,False,1,7,0,2,"[{""parent"": 0, ""children"": [1, 2, 3], ""circulation_log_ratio"": 25.8753682920119, ""raw_weight_norm"": 0.22361458310594498, ""complex_eig_imag_max"": 0.2316572112636233}, {""parent"": 1, ""children"": [4, 5, 6], ""circulation_log_ratio"": 25.763422927413046, ""raw_weight_norm"": 0.20798460816813277, ""complex_eig_imag_max"": 0.21519266654003144}]",25.8753682920119,0.2316572112636233,25.819395609712473,0.21579959563703888,0.22342493890182735,4,0.957548712966925,2,1.0174913678949706,0.9941037938068678,0.0,0.2052113109482594,"[[-0.2052113109482594, 0.0], [-0.12740656474171275, 0.0], [0.09375411230211389, 0.0], [0.025602782496704325, 0.0]]",0.8995091388354025,0.8111825606288773,0.376042036100198,4,"[0.3364340976864327, 0.13795071597061148, 0.0947935884881407, 0.01426486498482137]",0.5102007489364705,0.9808698555170454,0.8600553446025122,markov,2.597342206644477,False,1,True,ok,"[[0, 1, 6], [0, 3, 5], [2, 4, 7], [4, 6, 7]]",4
"[0, 1, 6]","[2, 4, 7]","[4, 6, 7]","[0, 3, 5]",False,2,0.9781723886954684,False,0.9781723886954684,0.9758524572752513,2,0.9735325258550341,3.5918329023724813,0.5768201348875668,0.1605921407153916,birth_h,0.9428090415808255,6,"[(0, 1, 1), (0, 2, 2), (0, 3, 3), (1, 4, 1), (1, 5, 2), (1, 6, 3)]","[0, 1]",True,shared_edge,False,1,7,0,2,"[{""parent"": 0, ""children"": [1, 2, 3], ""circulation_log_ratio"": 25.8753682920119, ""raw_weight_norm"": 0.22361458310594498, ""complex_eig_imag_max"": 0.2316572112636233}, {""parent"": 1, ""children"": [4, 5, 6], ""circulation_log_ratio"": 25.763422927413046, ""raw_weight_norm"": 0.20798460816813277, ""complex_eig_imag_max"": 0.21519266654003144}]",25.8753682920119,0.2316572112636233,25.819395609712473,0.21579959563703888,0.22342493890182735,4,0.9591006961794454,2,0.9975684449999624,0.9997636977791604,0.08877220093831409,0.05397349772938901,"[[0.038753000506329946, 0.08877220093831409], [0.038753000506329946, -0.08877220093831409], [0.0007797370204316889, 0.0], [-0.05397349772938901, 0.0]]",0.9193703450550094,0.9305338938333503,0.1700349301820739,4,"[0.12127314259674156, 0.11220514200003151, 0.040176944131182286, 0.0007222435640166729]",0.8186792768328401,0.9896121938530393,0.5742510267058264,skew_markov,1.2042546810116856,True,1,True,ok,"[[0, 1, 6], [0, 3, 5], [2, 4, 7], [4, 6, 7]]",4
"[0, 1, 6]","[2, 4, 7]","[4, 6, 7]","[0, 3, 5]",False,2,0.984337635931169,False,0.984337635931169,0.9708421903222821,2,0.9573467447133953,3.5918329023724813,0.5768201348875668,0.1605921407153916,birth_h,0.9428090415808255,6,"[(0, 1, 1), (0, 2, 2), (0, 3, 3), (1, 4, 1), (1, 5, 2), (1, 6, 3)]","[0, 1]",True,shared_edge,False,1,7,0,2,"[{""parent"": 0, ""children"": [1, 2, 3], ""circulation_log_ratio"": 25.8753682920119, ""raw_weight_norm"": 0.22361458310594498, ""complex_eig_imag_max"": 0.2316572112636233}, {""parent"": 1, ""children"": [4, 5, 6], ""circulation_log_ratio"": 25.763422927413046, ""raw_weight_norm"": 0.20798460816813277, ""complex_eig_imag_max"": 0.21519266654003144}]",25.8753682920119,0.2316572112636233,25.819395609712473,0.21579959563703888,0.22342493890182735,4,0.9385954205765955,2,1574729.90421309,0.9999999998295387,116.95955347825733,1651.7495851762421,"[[-1651.7495851762421, 0.0], [-1063.8923215662414, 0.0], [230.91453898141106, 116.95955347825733], [230.91453898141106, -116.95955347825733]]",0.9995570171262329,0.998684356507196,2271.747615648439,4,"[1747.7560615765678, 1360.9121150992642, 494.028838758889, 100.19830276667368]",0.3439977500070559,0.999999762126662,0.9389704723739092,forward_cycle,15373.356754311704,True,1,True,ok,"[[0, 1, 6], [0, 3, 5], [2, 4, 7], [4, 6, 7]]",4
"[0, 1, 6]","[2, 4, 7]","[4, 6, 7]","[0, 3, 5]",False,2,0.9018743759675079,False,0.9622865093012649,0.9320804426343864,2,0.9622865093012649,3.5918329023724813,0.5768201348875668,0.1605921407153916,birth_h,0.9428090415808255,6,"[(0, 1, 1), (0, 2, 2), (0, 3, 3), (1, 4, 1), (1, 5, 2), (1, 6, 3)]","[0, 1]",False,shared_edge,False,1,7,0,2,"[{""parent"": 0, ""children"": [1, 2, 3], ""circulation_log_ratio"": 25.8753682920119, ""raw_weight_norm"": 0.22361458310594498, ""complex_eig_imag_max"": 0.2316572112636233}, {""parent"": 1, ""children"": [4, 5, 6], ""circulation_log_ratio"": 25.763422927413046, ""raw_weight_norm"": 0.20798460816813277, ""complex_eig_imag_max"": 0.21519266654003144}]",25.8753682920119,0.2316572112636233,25.819395609712473,0.21579959563703888,0.22342493890182735,4,0.8910801573754961,2,3790763840695.5176,1.0,1.3856175576270481e-05,2298517.535111513,"[[2298517.535111513, 0.0], [-836408.2076826983, 0.0], [2.0896076277747252e-05, 1.3856175576270481e-05], [2.0896076277747252e-05, -1.3856175576270481e-05]]",0.9999996654054142,0.9999997318120455,6635889.280765914,4,"[6397563.835069525, 1762442.4877976766, 1.2537758638095766e-05, 8.548768133544806e-06]",0.6573189111757297,0.9999999999998401,0.753612532413543,reverse_cycle,47293786.633031696,False,1,True,ok,"[[0, 1, 6], [0, 3, 5], [2, 4, 7], [4, 6, 7]]",4
"[0, 1, 6]","[2, 4, 7]","[4, 6, 7]","[0, 3, 5]",False,2,0.9018977078683952,False,0.9622909614157458,0.9320943346420705,2,0.9622909614157458,3.5918329023724813,0.5768201348875668,0.1605921407153916,birth_h,0.9428090415808255,6,"[(0, 1, 1), (0, 2, 2), (0, 3, 3), (1, 4, 1), (1, 5, 2), (1, 6, 3)]","[0, 1]",False,shared_edge,False,1,7,0,2,"[{""parent"": 0, ""children"": [1, 2, 3], ""circulation_log_ratio"": 25.8753682920119, ""raw_weight_norm"": 0.22361458310594498, ""complex_eig_imag_max"": 0.2316572112636233}, {""parent"": 1, ""children"": [4, 5, 6], ""circulation_log_ratio"": 25.763422927413046, ""raw_weight_norm"": 0.20798460816813277, ""complex_eig_imag_max"": 0.21519266654003144}]",25.8753682920119,0.2316572112636233,25.819395609712473,0.21579959563703888,0.22342493890182735,4,0.8911149368928173,2,948051113362.3339,1.0,0.0,1149718.8335109695,"[[-1149718.8335109695, 0.0], [417536.83776818577, 0.0], [-0.03339459353666163, 0.0], [0.4589876828089479, 0.0]]",0.9999994637842783,0.9999993307989278,3318351.310766792,4,"[3199022.302649971, 881879.6566514773, 0.18326362560745552, 0.014231830625270494]",0.6573143051863017,0.9999999999993614,0.7536165498431212,cycle_difference,23646894.56583476,False,1,True,ok,"[[0, 1, 6], [0, 3, 5], [2, 4, 7], [4, 6, 7]]",4
"[0, 1, 6]","[2, 4, 7]","[4, 6, 7]","[0, 3, 5]",False,2,0.9018510624688342,False,0.9622820506915079,0.932066556580171,2,0.9622820506915079,3.5918329023724813,0.5768201348875668,0.1605921407153916,birth_h,0.9428090415808255,6,"[(0, 1, 1), (0, 2, 2), (0, 3, 3), (1, 4, 1), (1, 5, 2), (1, 6, 3)]","[0, 1]",False,shared_edge,False,1,7,0,2,"[{""parent"": 0, ""children"": [1, 2, 3], ""circulation_log_ratio"": 25.8753682920119, ""raw_weight_norm"": 0.22361458310594498, ""complex_eig_imag_max"": 0.2316572112636233}, {""parent"": 1, ""children"": [4, 5, 6], ""circulation_log_ratio"": 25.763422927413046, ""raw_weight_norm"": 0.20798460816813277, ""complex_eig_imag_max"": 0.21519266654003144}]",25.8753682920119,0.2316572112636233,25.819395609712473,0.21579959563703888,0.22342493890182735,4,0.891045358292626,2,947331898393.0225,1.0,0.0,1148799.1380560515,"[[1148799.1380560515, 0.0], [-418870.95583100966, 0.0], [0.03336698503400609, 0.0], [-0.45827111403389115, 0.0]]",0.9999993308234127,0.9999994634643922,3317538.3090543067,4,"[3198541.669390306, 880563.2408957069, 0.18353213414136893, 0.014234398489020772]",0.657323463439325,0.999999999999361,0.7536085617959304,cycle_sum,23646894.565834794,False,1,True,ok,"[[0, 1, 6], [0, 3, 5], [2, 4, 7], [4, 6, 7]]",4
"[0, 1, 6]","[2, 4, 7]","[4, 6, 7]","[0, 3, 5]",False,2,0.9622145733613927,False,0.9755846243826582,0.9688995988720255,2,0.9755846243826582,3.5918329023724813,0.5768201348875668,0.1605921407153916,birth_h,0.9428090415808255,6,"[(0, 1, 1), (0, 2, 2), (0, 3, 3), (1, 4, 1), (1, 5, 2), (1, 6, 3)]","[0, 1]",True,shared_edge,False,1,7,0,2,"[{""parent"": 0, ""children"": [1, 2, 3], ""circulation_log_ratio"": 25.8753682920119, ""raw_weight_norm"": 0.22361458310594498, ""complex_eig_imag_max"": 0.2316572112636233}, {""parent"": 1, ""children"": [4, 5, 6], ""circulation_log_ratio"": 25.763422927413046, ""raw_weight_norm"": 0.20798460816813277, ""complex_eig_imag_max"": 0.21519266654003144}]",25.8753682920119,0.2316572112636233,25.819395609712473,0.21579959563703888,0.22342493890182735,4,0.9484215401945222,2,0.9838139994690522,0.9867644863066083,0.1988364789708922,0.07407023127966836,"[[-0.07407023127966836, 0.1988364789708922], [-0.07407023127966836, -0.1988364789708922], [0.013410488913316337, 0.0], [-0.0055788296224198505, 0.0]]",0.8774119872743338,0.8201163295683176,0.4021663971827608,4,"[0.33029453344069065, 0.2284018030443657, 0.021719172040605958, 0.002055756335744305]",0.8425383816356544,0.9434116376360393,0.5386363109425503,signed_C3_skew,2.3900367241347746,True,1,True,ok,"[[0, 1, 6], [0, 3, 5], [2, 4, 7], [4, 6, 7]]",4
"[0, 1, 6]","[2, 4, 7]","[4, 6, 7]","[0, 3, 5]",False,2,0.9251193228092668,False,0.9673771815437525,0.9462482521765097,2,0.9673771815437525,2.7292685243662818,0.8631521589857092,0.3162576900282827,conductance_birth_q,1.3245127327957633,6,"[(0, 1, 1), (0, 2, 2), (0, 3, 3), (1, 4, 1), (1, 5, 2), (1, 6, 3)]","[0, 1]",False,shared_edge,False,1,7,0,2,"[{""parent"": 0, ""children"": [1, 2, 3], ""circulation_log_ratio"": 25.8753682920119, ""raw_weight_norm"": 0.22361458310594498, ""complex_eig_imag_max"": 0.2316572112636233}, {""parent"": 1, ""children"": [4, 5, 6], ""circulation_log_ratio"": 25.763422927413046, ""raw_weight_norm"": 0.20798460816813277, ""complex_eig_imag_max"": 0.21519266654003144}]",25.8753682920119,0.2316572112636233,25.819395609712473,0.21579959563703888,0.22342493890182735,4,0.8805402181308514,2,1.035907686065694,0.9753285602207413,0.0,0.3178736138736361,"[[0.3178736138736361, 0.0], [-0.1822102317756652, 0.0], [-0.005568917744050493, 0.0], [-0.06701481037111547, 0.0]]",0.8238684330092089,0.8489789462834917,0.45086106001757853,4,"[0.3876829153333134, 0.20586500694854384, 0.1029093050906513, 0.0026318128111207802]",0.3983401612835679,0.9763455367928996,0.9172377641070745,markov,1.6648785575302623,False,1,True,ok,"[[0, 1, 6], [0, 3, 5], [2, 4, 7], [4, 6, 7]]",4
"[0, 1, 6]","[2, 4, 7]","[4, 6, 7]","[0, 3, 5]",False,2,0.9706454071314591,False,0.9854983033753738,0.9780718552534164,2,0.9854983033753738,2.7292685243662818,0.8631521589857092,0.3162576900282827,conductance_birth_q,1.3245127327957633,6,"[(0, 1, 1), (0, 2, 2), (0, 3, 3), (1, 4, 1), (1, 5, 2), (1, 6, 3)]","[0, 1]",False,shared_edge,False,1,7,0,2,"[{""parent"": 0, ""children"": [1, 2, 3], ""circulation_log_ratio"": 25.8753682920119, ""raw_weight_norm"": 0.22361458310594498, ""complex_eig_imag_max"": 0.2316572112636233}, {""parent"": 1, ""children"": [4, 5, 6], ""circulation_log_ratio"": 25.763422927413046, ""raw_weight_norm"": 0.20798460816813277, ""complex_eig_imag_max"": 0.21519266654003144}]",25.8753682920119,0.2316572112636233,25.819395609712473,0.21579959563703888,0.22342493890182735,4,0.966238398873682,2,1.0046776089915408,0.998041358514308,0.0,0.12843115522796456,"[[0.12843115522796456, 0.0], [-0.03703590512509442, 0.0], [0.01899190976423755, 0.0], [0.016580392026127665, 0.0]]",0.8867297183648721,0.9443697389118155,0.19360454953351586,4,"[0.16617688617756018, 0.09467148450988296, 0.029919025625123025, 0.0031821418485062434]",0.5031851784005287,0.9935171324502744,0.8641786136139321,skew_markov,1.075920317648018,False,1,True,ok,"[[0, 1, 6], [0, 3, 5], [2, 4, 7], [4, 6, 7]]",4
"[0, 1, 6]","[2, 4, 7]","[4, 6, 7]","[0, 3, 5]",False,2,0.9706603554588111,False,0.9792419304885799,0.9749511429736955,2,0.9792419304885799,2.7292685243662818,0.8631521589857092,0.3162576900282827,conductance_birth_q,1.3245127327957633,6,"[(0, 1, 1), (0, 2, 2), (0, 3, 3), (1, 4, 1), (1, 5, 2), (1, 6, 3)]","[0, 1]",True,shared_edge,False,1,7,0,2,"[{""parent"": 0, ""children"": [1, 2, 3], ""circulation_log_ratio"": 25.8753682920119, ""raw_weight_norm"": 0.22361458310594498, ""complex_eig_imag_max"": 0.2316572112636233}, {""parent"": 1, ""children"": [4, 5, 6], ""circulation_log_ratio"": 25.763422927413046, ""raw_weight_norm"": 0.20798460816813277, ""complex_eig_imag_max"": 0.21519266654003144}]",25.8753682920119,0.2316572112636233,25.819395609712473,0.21579959563703888,0.22342493890182735,4,0.9231655560597164,2,1465063.1140265623,0.9999999997856325,201.19323398862028,1686.5711935471309,"[[-1686.5711935471309, 0.0], [484.72270631096535, 0.0], [-166.6538239255592, 201.19323398862028], [-166.6538239255592, -201.19323398862028]]",0.9993807175589086,0.9985854811360347,1963.9119929657554,4,"[1727.5501887286523, 834.9501496990447, 407.90359139950147, 94.8344303470751]",0.3226182358572676,0.9999996731541226,0.9465291722352479,forward_cycle,9756.185476508725,True,1,True,ok,"[[0, 1, 6], [0, 3, 5], [2, 4, 7], [4, 6, 7]]",4
"[0, 1, 6]","[2, 4, 7]","[4, 6, 7]","[0, 3, 5]",False,2,0.7416573330547914,False,0.892245008045309,0.8169511705500503,2,0.892245008045309,2.7292685243662818,0.8631521589857092,0.3162576900282827,conductance_birth_q,1.3245127327957633,6,"[(0, 1, 1), (0, 2, 2), (0, 3, 3), (1, 4, 1), (1, 5, 2), (1, 6, 3)]","[0, 1]",False,shared_edge,False,1,7,0,2,"[{""parent"": 0, ""children"": [1, 2, 3], ""circulation_log_ratio"": 25.8753682920119, ""raw_weight_norm"": 0.22361458310594498, ""complex_eig_imag_max"": 0.2316572112636233}, {""parent"": 1, ""children"": [4, 5, 6], ""circulation_log_ratio"": 25.763422927413046, ""raw_weight_norm"": 0.20798460816813277, ""complex_eig_imag_max"": 0.21519266654003144}]",25.8753682920119,0.2316572112636233,25.819395609712473,0.21579959563703888,0.22342493890182735,4,0.4871194581115645,2,23942108429892.414,1.0,0.0,3061019.593668684,"[[3061019.593668684, 0.0], [-2830379.7697383524, 0.0], [0.0002321437236392632, 0.0], [-6.040956340253684e-05, 0.0]]",0.9999998488032392,0.9999998513945183,13342125.35954126,4,"[11549701.142005853, 6679574.285840575, 6.642831753914603e-05, 2.370901234919631e-05]",0.6716998210387315,0.9999999999999659,0.7408234272865133,reverse_cycle,25751059.52726802,False,1,True,ok,"[[0, 1, 6], [0, 3, 5], [2, 4, 7], [4, 6, 7]]",4
"[0, 1, 6]","[2, 4, 7]","[4, 6, 7]","[0, 3, 5]",False,2,0.7416817756746661,False,0.8922520224303787,0.8169668990525224,2,0.8922520224303787,2.7292685243662818,0.8631521589857092,0.3162576900282827,conductance_birth_q,1.3245127327957633,6,"[(0, 1, 1), (0, 2, 2), (0, 3, 3), (1, 4, 1), (1, 5, 2), (1, 6, 3)]","[0, 1]",False,shared_edge,False,1,7,0,2,"[{""parent"": 0, ""children"": [1, 2, 3], ""circulation_log_ratio"": 25.8753682920119, ""raw_weight_norm"": 0.22361458310594498, ""complex_eig_imag_max"": 0.2316572112636233}, {""parent"": 1, ""children"": [4, 5, 6], ""circulation_log_ratio"": 25.763422927413046, ""raw_weight_norm"": 0.20798460816813277, ""complex_eig_imag_max"": 0.21519266654003144}]",25.8753682920119,0.2316572112636233,25.819395609712473,0.21579959563703888,0.22342493890182735,4,0.4871702030109416,2,5986331526773.2295,1.0,0.0,1531091.8489358872,"[[-1531091.8489358872, 0.0], [1415004.2014628402, 0.0], [0.14631956711153865, 0.0], [0.011034904142413714, 0.0]]",0.9999997028203887,0.9999996976038331,6671380.579745569,4,"[5775074.491140253, 3340034.9491565926, 0.05378372783284748, 0.0033718671134177337]",0.6716927768871596,0.9999999999998633,0.7408298141122672,cycle_difference,12875530.687704274,False,1,True,ok,"[[0, 1, 6], [0, 3, 5], [2, 4, 7], [4, 6, 7]]",4
"[0, 1, 6]","[2, 4, 7]","[4, 6, 7]","[0, 3, 5]",False,2,0.7416329393678533,False,0.8922380128124321,0.8169354760901427,2,0.8922380128124321,2.7292685243662818,0.8631521589857092,0.3162576900282827,conductance_birth_q,1.3245127327957633,6,"[(0, 1, 1), (0, 2, 2), (0, 3, 3), (1, 4, 1), (1, 5, 2), (1, 6, 3)]","[0, 1]",False,shared_edge,False,1,7,0,2,"[{""parent"": 0, ""children"": [1, 2, 3], ""circulation_log_ratio"": 25.8753682920119, ""raw_weight_norm"": 0.22361458310594498, ""complex_eig_imag_max"": 0.2316572112636233}, {""parent"": 1, ""children"": [4, 5, 6], ""circulation_log_ratio"": 25.763422927413046, ""raw_weight_norm"": 0.20798460816813277, ""complex_eig_imag_max"": 0.21519266654003144}]",25.8753682920119,0.2316572112636233,25.819395609712473,0.21579959563703888,0.22342493890182735,4,0.4870688329007467,2,5984723335084.836,1.0,0.0,1529928.0285984343,"[[1529928.0285984343, 0.0], [-1415375.5371601335, 0.0], [-0.1464221997912839, 0.0], [-0.011032611718911293, 0.0]]",0.9999996976092673,0.9999997027578199,6670744.909193112,4,"[5774626.779881079, 3339539.368925916, 0.05379001397211154, 0.0033722192046679138]",0.671706855261822,0.9999999999998631,0.7408170493409786,cycle_sum,12875530.687704237,False,1,True,ok,"[[0, 1, 6], [0, 3, 5], [2, 4, 7], [4, 6, 7]]",4
"[0, 1, 6]","[2, 4, 7]","[4, 6, 7]","[0, 3, 5]",False,2,0.8842077897017462,False,0.8842077897017462,0.8776767483866519,2,0.8711457070715577,2.7292685243662818,0.8631521589857092,0.3162576900282827,conductance_birth_q,1.3245127327957633,6,"[(0, 1, 1), (0, 2, 2), (0, 3, 3), (1, 4, 1), (1, 5, 2), (1, 6, 3)]","[0, 1]",True,shared_edge,False,1,7,0,2,"[{""parent"": 0, ""children"": [1, 2, 3], ""circulation_log_ratio"": 25.8753682920119, ""raw_weight_norm"": 0.22361458310594498, ""complex_eig_imag_max"": 0.2316572112636233}, {""parent"": 1, ""children"": [4, 5, 6], ""circulation_log_ratio"": 25.763422927413046, ""raw_weight_norm"": 0.20798460816813277, ""complex_eig_imag_max"": 0.21519266654003144}]",25.8753682920119,0.2316572112636233,25.819395609712473,0.21579959563703888,0.22342493890182735,4,0.8327573596032025,2,0.8873867330771118,0.9194189585699185,0.4197292098859378,0.054657256829898374,"[[0.016269099040405244, 0.2428631649375294], [0.016269099040405244, -0.2428631649375294], [-0.054657256829898374, 0.4197292098859378], [-0.054657256829898374, -0.4197292098859378]]",0.7608393014884979,0.7374798394626217,0.9621704621433615,4,"[0.858435024538966, 0.3325747966845881, 0.2265346496949527, 0.16412606119609713]",0.8663122488284317,0.7790012530928887,0.49950284036003906,signed_C3_skew,2.4303621598955267,True,1,True,ok,"[[0, 1, 6], [0, 3, 5], [2, 4, 7], [4, 6, 7]]",4
"[0, 1, 6]","[2, 4, 7]","[4, 6, 7]","[0, 3, 5]",False,2,0.9251193228092668,False,0.9673771815437525,0.9462482521765097,2,0.9673771815437525,2.7292685243662818,0.8631521589857092,0.3162576900282827,record_birth_q,1.3245127327957633,6,"[(0, 1, 1), (0, 2, 2), (0, 3, 3), (1, 4, 1), (1, 5, 2), (1, 6, 3)]","[0, 1]",False,shared_edge,False,1,7,0,2,"[{""parent"": 0, ""children"": [1, 2, 3], ""circulation_log_ratio"": 25.8753682920119, ""raw_weight_norm"": 0.22361458310594498, ""complex_eig_imag_max"": 0.2316572112636233}, {""parent"": 1, ""children"": [4, 5, 6], ""circulation_log_ratio"": 25.763422927413046, ""raw_weight_norm"": 0.20798460816813277, ""complex_eig_imag_max"": 0.21519266654003144}]",25.8753682920119,0.2316572112636233,25.819395609712473,0.21579959563703888,0.22342493890182735,4,0.8805402181308514,2,1.035907686065694,0.9753285602207413,0.0,0.3178736138736361,"[[0.3178736138736361, 0.0], [-0.1822102317756652, 0.0], [-0.005568917744050493, 0.0], [-0.06701481037111547, 0.0]]",0.8238684330092089,0.8489789462834917,0.45086106001757853,4,"[0.3876829153333134, 0.20586500694854384, 0.1029093050906513, 0.0026318128111207802]",0.3983401612835679,0.9763455367928996,0.9172377641070745,markov,1.6648785575302623,False,1,True,ok,"[[0, 1, 6], [0, 3, 5], [2, 4, 7], [4, 6, 7]]",4
"[0, 1, 6]","[2, 4, 7]","[4, 6, 7]","[0, 3, 5]",False,2,0.9706454071314591,False,0.9854983033753738,0.9780718552534164,2,0.9854983033753738,2.7292685243662818,0.8631521589857092,0.3162576900282827,record_birth_q,1.3245127327957633,6,"[(0, 1, 1), (0, 2, 2), (0, 3, 3), (1, 4, 1), (1, 5, 2), (1, 6, 3)]","[0, 1]",False,shared_edge,False,1,7,0,2,"[{""parent"": 0, ""children"": [1, 2, 3], ""circulation_log_ratio"": 25.8753682920119, ""raw_weight_norm"": 0.22361458310594498, ""complex_eig_imag_max"": 0.2316572112636233}, {""parent"": 1, ""children"": [4, 5, 6], ""circulation_log_ratio"": 25.763422927413046, ""raw_weight_norm"": 0.20798460816813277, ""complex_eig_imag_max"": 0.21519266654003144}]",25.8753682920119,0.2316572112636233,25.819395609712473,0.21579959563703888,0.22342493890182735,4,0.966238398873682,2,1.0046776089915408,0.998041358514308,0.0,0.12843115522796456,"[[0.12843115522796456, 0.0], [-0.03703590512509442, 0.0], [0.01899190976423755, 0.0], [0.016580392026127665, 0.0]]",0.8867297183648721,0.9443697389118155,0.19360454953351586,4,"[0.16617688617756018, 0.09467148450988296, 0.029919025625123025, 0.0031821418485062434]",0.5031851784005287,0.9935171324502744,0.8641786136139321,skew_markov,1.075920317648018,False,1,True,ok,"[[0, 1, 6], [0, 3, 5], [2, 4, 7], [4, 6, 7]]",4
"[0, 1, 6]","[2, 4, 7]","[4, 6, 7]","[0, 3, 5]",False,2,0.9706603554588111,False,0.9792419304885799,0.9749511429736955,2,0.9792419304885799,2.7292685243662818,0.8631521589857092,0.3162576900282827,record_birth_q,1.3245127327957633,6,"[(0, 1, 1), (0, 2, 2), (0, 3, 3), (1, 4, 1), (1, 5, 2), (1, 6, 3)]","[0, 1]",True,shared_edge,False,1,7,0,2,"[{""parent"": 0, ""children"": [1, 2, 3], ""circulation_log_ratio"": 25.8753682920119, ""raw_weight_norm"": 0.22361458310594498, ""complex_eig_imag_max"": 0.2316572112636233}, {""parent"": 1, ""children"": [4, 5, 6], ""circulation_log_ratio"": 25.763422927413046, ""raw_weight_norm"": 0.20798460816813277, ""complex_eig_imag_max"": 0.21519266654003144}]",25.8753682920119,0.2316572112636233,25.819395609712473,0.21579959563703888,0.22342493890182735,4,0.9231655560597164,2,1465063.1140265623,0.9999999997856325,201.19323398862028,1686.5711935471309,"[[-1686.5711935471309, 0.0], [484.72270631096535, 0.0], [-166.6538239255592, 201.19323398862028], [-166.6538239255592, -201.19323398862028]]",0.9993807175589086,0.9985854811360347,1963.9119929657554,4,"[1727.5501887286523, 834.9501496990447, 407.90359139950147, 94.8344303470751]",0.3226182358572676,0.9999996731541226,0.9465291722352479,forward_cycle,9756.185476508725,True,1,True,ok,"[[0, 1, 6], [0, 3, 5], [2, 4, 7], [4, 6, 7]]",4
"[0, 1, 6]","[2, 4, 7]","[4, 6, 7]","[0, 3, 5]",False,2,0.7416573330547914,False,0.892245008045309,0.8169511705500503,2,0.892245008045309,2.7292685243662818,0.8631521589857092,0.3162576900282827,record_birth_q,1.3245127327957633,6,"[(0, 1, 1), (0, 2, 2), (0, 3, 3), (1, 4, 1), (1, 5, 2), (1, 6, 3)]","[0, 1]",False,shared_edge,False,1,7,0,2,"[{""parent"": 0, ""children"": [1, 2, 3], ""circulation_log_ratio"": 25.8753682920119, ""raw_weight_norm"": 0.22361458310594498, ""complex_eig_imag_max"": 0.2316572112636233}, {""parent"": 1, ""children"": [4, 5, 6], ""circulation_log_ratio"": 25.763422927413046, ""raw_weight_norm"": 0.20798460816813277, ""complex_eig_imag_max"": 0.21519266654003144}]",25.8753682920119,0.2316572112636233,25.819395609712473,0.21579959563703888,0.22342493890182735,4,0.4871194581115645,2,23942108429892.414,1.0,0.0,3061019.593668684,"[[3061019.593668684, 0.0], [-2830379.7697383524, 0.0], [0.0002321437236392632, 0.0], [-6.040956340253684e-05, 0.0]]",0.9999998488032392,0.9999998513945183,13342125.35954126,4,"[11549701.142005853, 6679574.285840575, 6.642831753914603e-05, 2.370901234919631e-05]",0.6716998210387315,0.9999999999999659,0.7408234272865133,reverse_cycle,25751059.52726802,False,1,True,ok,"[[0, 1, 6], [0, 3, 5], [2, 4, 7], [4, 6, 7]]",4
"[0, 1, 6]","[2, 4, 7]","[4, 6, 7]","[0, 3, 5]",False,2,0.7416817756746661,False,0.8922520224303787,0.8169668990525224,2,0.8922520224303787,2.7292685243662818,0.8631521589857092,0.3162576900282827,record_birth_q,1.3245127327957633,6,"[(0, 1, 1), (0, 2, 2), (0, 3, 3), (1, 4, 1), (1, 5, 2), (1, 6, 3)]","[0, 1]",False,shared_edge,False,1,7,0,2,"[{""parent"": 0, ""children"": [1, 2, 3], ""circulation_log_ratio"": 25.8753682920119, ""raw_weight_norm"": 0.22361458310594498, ""complex_eig_imag_max"": 0.2316572112636233}, {""parent"": 1, ""children"": [4, 5, 6], ""circulation_log_ratio"": 25.763422927413046, ""raw_weight_norm"": 0.20798460816813277, ""complex_eig_imag_max"": 0.21519266654003144}]",25.8753682920119,0.2316572112636233,25.819395609712473,0.21579959563703888,0.22342493890182735,4,0.4871702030109416,2,5986331526773.2295,1.0,0.0,1531091.8489358872,"[[-1531091.8489358872, 0.0], [1415004.2014628402, 0.0], [0.14631956711153865, 0.0], [0.011034904142413714, 0.0]]",0.9999997028203887,0.9999996976038331,6671380.579745569,4,"[5775074.491140253, 3340034.9491565926, 0.05378372783284748, 0.0033718671134177337]",0.6716927768871596,0.9999999999998633,0.7408298141122672,cycle_difference,12875530.687704274,False,1,True,ok,"[[0, 1, 6], [0, 3, 5], [2, 4, 7], [4, 6, 7]]",4
"[0, 1, 6]","[2, 4, 7]","[4, 6, 7]","[0, 3, 5]",False,2,0.7416329393678533,False,0.8922380128124321,0.8169354760901427,2,0.8922380128124321,2.7292685243662818,0.8631521589857092,0.3162576900282827,record_birth_q,1.3245127327957633,6,"[(0, 1, 1), (0, 2, 2), (0, 3, 3), (1, 4, 1), (1, 5, 2), (1, 6, 3)]","[0, 1]",False,shared_edge,False,1,7,0,2,"[{""parent"": 0, ""children"": [1, 2, 3], ""circulation_log_ratio"": 25.8753682920119, ""raw_weight_norm"": 0.22361458310594498, ""complex_eig_imag_max"": 0.2316572112636233}, {""parent"": 1, ""children"": [4, 5, 6], ""circulation_log_ratio"": 25.763422927413046, ""raw_weight_norm"": 0.20798460816813277, ""complex_eig_imag_max"": 0.21519266654003144}]",25.8753682920119,0.2316572112636233,25.819395609712473,0.21579959563703888,0.22342493890182735,4,0.4870688329007467,2,5984723335084.836,1.0,0.0,1529928.0285984343,"[[1529928.0285984343, 0.0], [-1415375.5371601335, 0.0], [-0.1464221997912839, 0.0], [-0.011032611718911293, 0.0]]",0.9999996976092673,0.9999997027578199,6670744.909193112,4,"[5774626.779881079, 3339539.368925916, 0.05379001397211154, 0.0033722192046679138]",0.671706855261822,0.9999999999998631,0.7408170493409786,cycle_sum,12875530.687704237,False,1,True,ok,"[[0, 1, 6], [0, 3, 5], [2, 4, 7], [4, 6, 7]]",4
"[0, 1, 6]","[2, 4, 7]","[4, 6, 7]","[0, 3, 5]",False,2,0.8842077897017462,False,0.8842077897017462,0.8776767483866519,2,0.8711457070715577,2.7292685243662818,0.8631521589857092,0.3162576900282827,record_birth_q,1.3245127327957633,6,"[(0, 1, 1), (0, 2, 2), (0, 3, 3), (1, 4, 1), (1, 5, 2), (1, 6, 3)]","[0, 1]",True,shared_edge,False,1,7,0,2,"[{""parent"": 0, ""children"": [1, 2, 3], ""circulation_log_ratio"": 25.8753682920119, ""raw_weight_norm"": 0.22361458310594498, ""complex_eig_imag_max"": 0.2316572112636233}, {""parent"": 1, ""children"": [4, 5, 6], ""circulation_log_ratio"": 25.763422927413046, ""raw_weight_norm"": 0.20798460816813277, ""complex_eig_imag_max"": 0.21519266654003144}]",25.8753682920119,0.2316572112636233,25.819395609712473,0.21579959563703888,0.22342493890182735,4,0.8327573596032025,2,0.8873867330771118,0.9194189585699185,0.4197292098859378,0.054657256829898374,"[[0.016269099040405244, 0.2428631649375294], [0.016269099040405244, -0.2428631649375294], [-0.054657256829898374, 0.4197292098859378], [-0.054657256829898374, -0.4197292098859378]]",0.7608393014884979,0.7374798394626217,0.9621704621433615,4,"[0.858435024538966, 0.3325747966845881, 0.2265346496949527, 0.16412606119609713]",0.8663122488284317,0.7790012530928887,0.49950284036003906,signed_C3_skew,2.4303621598955267,True,1,True,ok,"[[0, 1, 6], [0, 3, 5], [2, 4, 7], [4, 6, 7]]",4
