A_area_abs,A_face_a,A_face_b,A_signed_birth_over_abs,B_area_abs,B_face_a,B_face_b,B_signed_birth_over_abs,K_edge_has_nonzero_circulation,K_edge_kappa_flip_abs,K_edge_kappa_flips,K_edge_sign_identity,K_edge_sign_kappa,assembly_index,base_union_J_P_to_Q_subspace_resid,base_union_J_QP_subspace_max_resid,base_union_J_QP_subspace_mean_resid,base_union_J_Q_to_P_subspace_resid,base_union_J_span_leakage,base_union_P_norm,base_union_P_rank,base_union_Q_norm,base_union_Q_rank,base_union_basis_rank,base_union_gate_pass,base_union_projected_CJC_plus_J_resid,base_union_projected_J2_plus_I_resid,base_union_projected_J_skew_resid,birth_kappa_flip_abs,birth_kappa_flips,birth_sign_identity,birth_sign_kappa,block_mode,carrier_face_count,carrier_mode,context,cycle_closed_by_order,cycle_edge_count,cycle_operator_norm,cycle_order,decision_gate_pass,ident_link_K_edge_over_abs,ident_link_birth_over_abs,ident_link_circulation_K_edge,ident_link_circulation_abs,ident_link_circulation_birth,ident_link_face_count,improves_J2_over_base,improves_lock_over_base,kappa_link_K_edge_over_abs,kappa_link_birth_over_abs,kappa_link_circulation_K_edge,kappa_link_circulation_abs,kappa_link_circulation_birth,kappa_link_face_count,lambda_used,link_cycle_eff_J_P_to_Q_subspace_resid,link_cycle_eff_J_QP_subspace_max_resid,link_cycle_eff_J_QP_subspace_mean_resid,link_cycle_eff_J_Q_to_P_subspace_resid,link_cycle_eff_J_span_leakage,link_cycle_eff_P_norm,link_cycle_eff_P_rank,link_cycle_eff_Q_norm,link_cycle_eff_Q_rank,link_cycle_eff_basis_rank,link_cycle_eff_gate_pass,link_cycle_eff_projected_CJC_plus_J_resid,link_cycle_eff_projected_J2_plus_I_resid,link_cycle_eff_projected_J_skew_resid,link_cycle_only_J_P_to_Q_subspace_resid,link_cycle_only_J_QP_subspace_max_resid,link_cycle_only_J_QP_subspace_mean_resid,link_cycle_only_J_Q_to_P_subspace_resid,link_cycle_only_J_span_leakage,link_cycle_only_P_norm,link_cycle_only_P_rank,link_cycle_only_Q_norm,link_cycle_only_Q_rank,link_cycle_only_basis_rank,link_cycle_only_gate_pass,link_cycle_only_projected_CJC_plus_J_resid,link_cycle_only_projected_J2_plus_I_resid,link_cycle_only_projected_J_skew_resid,link_graph_closed_cycle,link_graph_link_edges,link_graph_link_vertices,local_negative_abort_marker,motif_signed_birth_over_abs_weighted,order_mode,pair_local_max_J_lock_raw_QP,pair_local_mean_J_lock_raw_QP,scale_mode,shared_edge
0.6568372405196964,"[3, 4, 5]","[0, 1, 2]",-0.20417768143318046,0.20459932250463359,"[1, 4, 6]","[0, 2, 3]",-0.9375490570656712,True,0.999999999999378,False,1.0,1.0,0,0.5438258343030019,0.5438258343030753,0.5438258343030387,0.5438258343030753,0.5438258343031512,2.001173722985544,2,2.221247105372363,2,4,False,6.831037208220323e-13,0.3395063127800071,2.0672306077682954e-16,0.9999999999999166,False,-1.0,-1.0,identity,4,motif_only,shared_edge,True,1,2.449489742783178,"[0, 1, 2] -> [0, 2, 3] -> [0, 2, 4] -> [0, 2, 5] -> [0, 2, 6]",False,0.04541205388766627,-0.3603346161183081,0.5041098118950215,11.10079304367007,-4.0,5,False,False,0.09261192724166409,-0.6711338653045248,1.1039458090780947,11.920125646422797,-8.0,5,1.0,0.6728529319176882,0.6728529319177268,0.6728529319177075,0.6728529319177268,0.5897660736017529,2.001173722985544,2,2.221247105372363,2,4,False,0.8753769740633285,0.7337181717577358,1.7983198619736564e-16,0.875614143249893,0.8756141432499004,0.8756141432498967,0.8756141432499004,0.6722938260935574,2.001173722985544,2,2.221247105372363,2,4,False,0.4583844633526456,0.7751039065204866,2.2278115918974753e-33,True,"[(1, 3), (1, 5), (3, 6), (4, 5), (4, 6)]","[1, 3, 4, 5, 6]",True,-0.37836031198177783,birth_order,0.9831765350821571,0.9623208521879859,unit,"[0, 2]"
0.6568372405196964,"[3, 4, 5]","[0, 1, 2]",-0.20417768143318046,0.20459932250463359,"[1, 4, 6]","[0, 2, 3]",-0.9375490570656712,True,0.999999999999378,False,1.0,1.0,0,0.5438258343030019,0.5438258343030753,0.5438258343030387,0.5438258343030753,0.5438258343031512,2.001173722985544,2,2.221247105372363,2,4,False,6.831037208220323e-13,0.3395063127800071,2.0672306077682954e-16,0.9999999999999166,False,-1.0,-1.0,identity,4,motif_only,shared_edge,True,1,2.449489742783178,"[0, 1, 2] -> [0, 2, 3] -> [0, 2, 4] -> [0, 2, 5] -> [0, 2, 6]",False,0.04541205388766627,-0.3603346161183081,0.5041098118950215,11.10079304367007,-4.0,5,False,False,0.09261192724166409,-0.6711338653045248,1.1039458090780947,11.920125646422797,-8.0,5,0.35355339059321955,0.5687263756823553,0.5687263756824208,0.568726375682388,0.5687263756824208,0.5522107226461782,2.001173722985544,2,2.221247105372363,2,4,False,0.36009825119013106,0.38970949402287997,2.050765007180539e-16,0.875614143249893,0.8756141432499004,0.8756141432498967,0.8756141432499004,0.6722938260935574,2.001173722985544,2,2.221247105372363,2,4,False,0.4583844633526456,0.7751039065204866,2.2278115918974753e-33,True,"[(1, 3), (1, 5), (3, 6), (4, 5), (4, 6)]","[1, 3, 4, 5, 6]",True,-0.37836031198177783,birth_order,0.9831765350821571,0.9623208521879859,quarter_base_norm,"[0, 2]"
0.6568372405196964,"[3, 4, 5]","[0, 1, 2]",-0.20417768143318046,0.20459932250463359,"[1, 4, 6]","[0, 2, 3]",-0.9375490570656712,True,0.999999999999378,False,1.0,1.0,0,0.5438258343030019,0.5438258343030753,0.5438258343030387,0.5438258343030753,0.5438258343031512,2.001173722985544,2,2.221247105372363,2,4,False,6.831037208220323e-13,0.3395063127800071,2.0672306077682954e-16,0.9999999999999166,False,-1.0,-1.0,identity,4,motif_only,shared_edge,True,1,2.449489742783178,"[0, 1, 2] -> [0, 2, 3] -> [0, 2, 4] -> [0, 2, 5] -> [0, 2, 6]",False,0.04541205388766627,-0.3603346161183081,0.5041098118950215,11.10079304367007,-4.0,5,False,False,0.09261192724166409,-0.6711338653045248,1.1039458090780947,11.920125646422797,-8.0,5,0.7071067811864391,0.6244495624277766,0.6244495624278266,0.6244495624278016,0.6244495624278266,0.5718330422117728,2.001173722985544,2,2.221247105372363,2,4,False,0.6648966288190189,0.5381465197021316,1.915477529533565e-16,0.875614143249893,0.8756141432499004,0.8756141432498967,0.8756141432499004,0.6722938260935574,2.001173722985544,2,2.221247105372363,2,4,False,0.4583844633526456,0.7751039065204866,2.2278115918974753e-33,True,"[(1, 3), (1, 5), (3, 6), (4, 5), (4, 6)]","[1, 3, 4, 5, 6]",True,-0.37836031198177783,birth_order,0.9831765350821571,0.9623208521879859,half_base_norm,"[0, 2]"
0.6568372405196964,"[3, 4, 5]","[0, 1, 2]",-0.20417768143318046,0.20459932250463359,"[1, 4, 6]","[0, 2, 3]",-0.9375490570656712,True,0.999999999999378,False,1.0,1.0,0,0.5438258343030019,0.5438258343030753,0.5438258343030387,0.5438258343030753,0.5438258343031512,2.001173722985544,2,2.221247105372363,2,4,False,6.831037208220323e-13,0.3395063127800071,2.0672306077682954e-16,0.9999999999999166,False,-1.0,-1.0,identity,4,motif_only,shared_edge,True,1,2.449489742783178,"[0, 1, 2] -> [0, 2, 3] -> [0, 2, 4] -> [0, 2, 5] -> [0, 2, 6]",False,0.04541205388766627,-0.3603346161183081,0.5041098118950215,11.10079304367007,-4.0,5,False,False,0.09261192724166409,-0.6711338653045248,1.1039458090780947,11.920125646422797,-8.0,5,1.4142135623728782,0.7288506931859792,0.7288506931860066,0.7288506931859928,0.7288506931860066,0.6114431807859914,2.001173722985544,2,2.221247105372363,2,4,False,1.1875416091749318,1.1220669896741138,1.6276878004650673e-16,0.875614143249893,0.8756141432499004,0.8756141432498967,0.8756141432499004,0.6722938260935574,2.001173722985544,2,2.221247105372363,2,4,False,0.4583844633526456,0.7751039065204866,2.2278115918974753e-33,True,"[(1, 3), (1, 5), (3, 6), (4, 5), (4, 6)]","[1, 3, 4, 5, 6]",True,-0.37836031198177783,birth_order,0.9831765350821571,0.9623208521879859,base_norm,"[0, 2]"
0.6568372405196964,"[3, 4, 5]","[0, 1, 2]",-0.20417768143318046,0.20459932250463359,"[1, 4, 6]","[0, 2, 3]",-0.9375490570656712,True,0.999999999999378,False,1.0,1.0,0,0.5438258343030019,0.5438258343030753,0.5438258343030387,0.5438258343030753,0.5438258343031512,2.001173722985544,2,2.221247105372363,2,4,False,6.831037208220323e-13,0.3395063127800071,2.0672306077682954e-16,0.9999999999999166,False,-1.0,-1.0,edge_projector,4,motif_only,shared_edge,True,1,1.4142135623730951,"[0, 1, 2] -> [0, 2, 3] -> [0, 2, 4] -> [0, 2, 5] -> [0, 2, 6]",False,0.04541205388766627,-0.3603346161183081,0.5041098118950215,11.10079304367007,-4.0,5,False,False,0.09261192724166409,-0.6711338653045248,1.1039458090780947,11.920125646422797,-8.0,5,1.0,0.5553256992496887,0.6371668812302573,0.596246290239973,0.6371668812302573,0.5976281355795627,2.001173722985544,2,2.221247105372363,2,4,False,0.1750568277987103,0.3453922919084411,2.080200179554665e-16,0.9801318108644672,0.9979579115383593,0.9890448612014133,0.9979579115383593,0.9760710949170137,2.001173722985544,2,2.221247105372363,2,4,False,0.9902480272044575,0.9951359594031316,3.239093420773256e-16,True,"[(1, 3), (1, 5), (3, 6), (4, 5), (4, 6)]","[1, 3, 4, 5, 6]",True,-0.37836031198177783,birth_order,0.9831765350821571,0.9623208521879859,unit,"[0, 2]"
0.6568372405196964,"[3, 4, 5]","[0, 1, 2]",-0.20417768143318046,0.20459932250463359,"[1, 4, 6]","[0, 2, 3]",-0.9375490570656712,True,0.999999999999378,False,1.0,1.0,0,0.5438258343030019,0.5438258343030753,0.5438258343030387,0.5438258343030753,0.5438258343031512,2.001173722985544,2,2.221247105372363,2,4,False,6.831037208220323e-13,0.3395063127800071,2.0672306077682954e-16,0.9999999999999166,False,-1.0,-1.0,edge_projector,4,motif_only,shared_edge,True,1,1.4142135623730951,"[0, 1, 2] -> [0, 2, 3] -> [0, 2, 4] -> [0, 2, 5] -> [0, 2, 6]",False,0.04541205388766627,-0.3603346161183081,0.5041098118950215,11.10079304367007,-4.0,5,False,False,0.09261192724166409,-0.6711338653045248,1.1039458090780947,11.920125646422797,-8.0,5,0.6123724356955175,0.5482185409482985,0.5844624093128926,0.5663404751305956,0.5844624093128926,0.5658669017297864,2.001173722985544,2,2.221247105372363,2,4,False,0.10764121517906816,0.3417091290217144,2.0794775441199616e-16,0.9801318108644672,0.9979579115383593,0.9890448612014133,0.9979579115383593,0.9760710949170137,2.001173722985544,2,2.221247105372363,2,4,False,0.9902480272044575,0.9951359594031316,3.239093420773256e-16,True,"[(1, 3), (1, 5), (3, 6), (4, 5), (4, 6)]","[1, 3, 4, 5, 6]",True,-0.37836031198177783,birth_order,0.9831765350821571,0.9623208521879859,quarter_base_norm,"[0, 2]"
0.6568372405196964,"[3, 4, 5]","[0, 1, 2]",-0.20417768143318046,0.20459932250463359,"[1, 4, 6]","[0, 2, 3]",-0.9375490570656712,True,0.999999999999378,False,1.0,1.0,0,0.5438258343030019,0.5438258343030753,0.5438258343030387,0.5438258343030753,0.5438258343031512,2.001173722985544,2,2.221247105372363,2,4,False,6.831037208220323e-13,0.3395063127800071,2.0672306077682954e-16,0.9999999999999166,False,-1.0,-1.0,edge_projector,4,motif_only,shared_edge,True,1,1.4142135623730951,"[0, 1, 2] -> [0, 2, 3] -> [0, 2, 4] -> [0, 2, 5] -> [0, 2, 6]",False,0.04541205388766627,-0.3603346161183081,0.5041098118950215,11.10079304367007,-4.0,5,False,False,0.09261192724166409,-0.6711338653045248,1.1039458090780947,11.920125646422797,-8.0,5,1.224744871391035,0.5608281005288018,0.6700988975746729,0.6154634990517374,0.6700988975746729,0.6194775648770092,2.001173722985544,2,2.221247105372363,2,4,False,0.21369810364260497,0.34834917485316375,2.1101686378702432e-16,0.9801318108644672,0.9979579115383593,0.9890448612014133,0.9979579115383593,0.9760710949170137,2.001173722985544,2,2.221247105372363,2,4,False,0.9902480272044575,0.9951359594031316,3.239093420773256e-16,True,"[(1, 3), (1, 5), (3, 6), (4, 5), (4, 6)]","[1, 3, 4, 5, 6]",True,-0.37836031198177783,birth_order,0.9831765350821571,0.9623208521879859,half_base_norm,"[0, 2]"
0.6568372405196964,"[3, 4, 5]","[0, 1, 2]",-0.20417768143318046,0.20459932250463359,"[1, 4, 6]","[0, 2, 3]",-0.9375490570656712,True,0.999999999999378,False,1.0,1.0,0,0.5438258343030019,0.5438258343030753,0.5438258343030387,0.5438258343030753,0.5438258343031512,2.001173722985544,2,2.221247105372363,2,4,False,6.831037208220323e-13,0.3395063127800071,2.0672306077682954e-16,0.9999999999999166,False,-1.0,-1.0,edge_projector,4,motif_only,shared_edge,True,1,1.4142135623730951,"[0, 1, 2] -> [0, 2, 3] -> [0, 2, 4] -> [0, 2, 5] -> [0, 2, 6]",False,0.04541205388766627,-0.3603346161183081,0.5041098118950215,11.10079304367007,-4.0,5,False,False,0.09261192724166409,-0.6711338653045248,1.1039458090780947,11.920125646422797,-8.0,5,2.44948974278207,0.6041556988642444,0.8159833747853771,0.7100695368248107,0.8159833747853771,0.7394971780033099,2.001173722985544,2,2.221247105372363,2,4,False,0.4150853150941093,0.3753383065584822,2.235843382667633e-16,0.9801318108644672,0.9979579115383593,0.9890448612014133,0.9979579115383593,0.9760710949170137,2.001173722985544,2,2.221247105372363,2,4,False,0.9902480272044575,0.9951359594031316,3.239093420773256e-16,True,"[(1, 3), (1, 5), (3, 6), (4, 5), (4, 6)]","[1, 3, 4, 5, 6]",True,-0.37836031198177783,birth_order,0.9831765350821571,0.9623208521879859,base_norm,"[0, 2]"
0.6568372405196964,"[3, 4, 5]","[0, 1, 2]",-0.20417768143318046,0.20459932250463359,"[1, 4, 6]","[0, 2, 3]",-0.9375490570656712,True,0.999999999999378,False,1.0,1.0,0,0.5438258343030019,0.5438258343030753,0.5438258343030387,0.5438258343030753,0.5438258343031512,2.001173722985544,2,2.221247105372363,2,4,False,6.831037208220323e-13,0.3395063127800071,2.0672306077682954e-16,0.9999999999999166,False,-1.0,-1.0,edge_complement,4,motif_only,shared_edge,True,1,2.0,"[0, 1, 2] -> [0, 2, 3] -> [0, 2, 4] -> [0, 2, 5] -> [0, 2, 6]",False,0.04541205388766627,-0.3603346161183081,0.5041098118950215,11.10079304367007,-4.0,5,False,False,0.09261192724166409,-0.6711338653045248,1.1039458090780947,11.920125646422797,-8.0,5,1.0,0.6765862128046545,0.6765862128046545,0.649986826966481,0.6233874411283076,0.5777538117847942,2.001173722985544,2,2.221247105372363,2,4,False,0.8137841918401368,0.6469463610869991,1.8881592492054763e-16,0.8915599027875913,0.8915599027875913,0.8596556714095995,0.8277514400316077,0.655499291810163,2.001173722985544,2,2.221247105372363,2,4,False,0.5480301930026725,0.8059975799214049,1.1667835913531919e-16,True,"[(1, 3), (1, 5), (3, 6), (4, 5), (4, 6)]","[1, 3, 4, 5, 6]",True,-0.37836031198177783,birth_order,0.9831765350821571,0.9623208521879859,unit,"[0, 2]"
0.6568372405196964,"[3, 4, 5]","[0, 1, 2]",-0.20417768143318046,0.20459932250463359,"[1, 4, 6]","[0, 2, 3]",-0.9375490570656712,True,0.999999999999378,False,1.0,1.0,0,0.5438258343030019,0.5438258343030753,0.5438258343030387,0.5438258343030753,0.5438258343031512,2.001173722985544,2,2.221247105372363,2,4,False,6.831037208220323e-13,0.3395063127800071,2.0672306077682954e-16,0.9999999999999166,False,-1.0,-1.0,edge_complement,4,motif_only,shared_edge,True,1,2.0,"[0, 1, 2] -> [0, 2, 3] -> [0, 2, 4] -> [0, 2, 5] -> [0, 2, 6]",False,0.04541205388766627,-0.3603346161183081,0.5041098118950215,11.10079304367007,-4.0,5,False,False,0.09261192724166409,-0.6711338653045248,1.1039458090780947,11.920125646422797,-8.0,5,0.4330127018921131,0.5805241254341476,0.5805241254341476,0.5719282040568321,0.5633322826795165,0.552288764550956,2.001173722985544,2,2.221247105372363,2,4,False,0.403746366383768,0.39565017161202354,2.132229784655031e-16,0.8915599027875913,0.8915599027875913,0.8596556714095995,0.8277514400316077,0.655499291810163,2.001173722985544,2,2.221247105372363,2,4,False,0.5480301930026725,0.8059975799214049,1.1667835913531919e-16,True,"[(1, 3), (1, 5), (3, 6), (4, 5), (4, 6)]","[1, 3, 4, 5, 6]",True,-0.37836031198177783,birth_order,0.9831765350821571,0.9623208521879859,quarter_base_norm,"[0, 2]"
0.6568372405196964,"[3, 4, 5]","[0, 1, 2]",-0.20417768143318046,0.20459932250463359,"[1, 4, 6]","[0, 2, 3]",-0.9375490570656712,True,0.999999999999378,False,1.0,1.0,0,0.5438258343030019,0.5438258343030753,0.5438258343030387,0.5438258343030753,0.5438258343031512,2.001173722985544,2,2.221247105372363,2,4,False,6.831037208220323e-13,0.3395063127800071,2.0672306077682954e-16,0.9999999999999166,False,-1.0,-1.0,edge_complement,4,motif_only,shared_edge,True,1,2.0,"[0, 1, 2] -> [0, 2, 3] -> [0, 2, 4] -> [0, 2, 5] -> [0, 2, 6]",False,0.04541205388766627,-0.3603346161183081,0.5041098118950215,11.10079304367007,-4.0,5,False,False,0.09261192724166409,-0.6711338653045248,1.1039458090780947,11.920125646422797,-8.0,5,0.8660254037842262,0.6542137140362819,0.6542137140362819,0.6311673168557561,0.6081209196752303,0.5713741383729688,2.001173722985544,2,2.221247105372363,2,4,False,0.7293399590323549,0.5688002192881545,2.0367951175229703e-16,0.8915599027875913,0.8915599027875913,0.8596556714095995,0.8277514400316077,0.655499291810163,2.001173722985544,2,2.221247105372363,2,4,False,0.5480301930026725,0.8059975799214049,1.1667835913531919e-16,True,"[(1, 3), (1, 5), (3, 6), (4, 5), (4, 6)]","[1, 3, 4, 5, 6]",True,-0.37836031198177783,birth_order,0.9831765350821571,0.9623208521879859,half_base_norm,"[0, 2]"
0.6568372405196964,"[3, 4, 5]","[0, 1, 2]",-0.20417768143318046,0.20459932250463359,"[1, 4, 6]","[0, 2, 3]",-0.9375490570656712,True,0.999999999999378,False,1.0,1.0,0,0.5438258343030019,0.5438258343030753,0.5438258343030387,0.5438258343030753,0.5438258343031512,2.001173722985544,2,2.221247105372363,2,4,False,6.831037208220323e-13,0.3395063127800071,2.0672306077682954e-16,0.9999999999999166,False,-1.0,-1.0,edge_complement,4,motif_only,shared_edge,True,1,2.0,"[0, 1, 2] -> [0, 2, 3] -> [0, 2, 4] -> [0, 2, 5] -> [0, 2, 6]",False,0.04541205388766627,-0.3603346161183081,0.5041098118950215,11.10079304367007,-4.0,5,False,False,0.09261192724166409,-0.6711338653045248,1.1039458090780947,11.920125646422797,-8.0,5,1.7320508075684524,0.7684222330252138,0.7684222330252138,0.7321974036146437,0.6959725742040734,0.6070755982227197,2.001173722985544,2,2.221247105372363,2,4,False,1.3136817751395524,1.2802648933121459,1.7821487602210718e-16,0.8915599027875913,0.8915599027875913,0.8596556714095995,0.8277514400316077,0.655499291810163,2.001173722985544,2,2.221247105372363,2,4,False,0.5480301930026725,0.8059975799214049,1.1667835913531919e-16,True,"[(1, 3), (1, 5), (3, 6), (4, 5), (4, 6)]","[1, 3, 4, 5, 6]",True,-0.37836031198177783,birth_order,0.9831765350821571,0.9623208521879859,base_norm,"[0, 2]"
0.6568372405196964,"[3, 4, 5]","[0, 1, 2]",-0.20417768143318046,0.20459932250463359,"[1, 4, 6]","[0, 2, 3]",-0.9375490570656712,True,0.999999999999378,False,1.0,1.0,0,0.5438258343030019,0.5438258343030753,0.5438258343030387,0.5438258343030753,0.5438258343031512,2.001173722985544,2,2.221247105372363,2,4,False,6.831037208220323e-13,0.3395063127800071,2.0672306077682954e-16,0.9999999999999166,False,-1.0,-1.0,identity,4,motif_only,shared_edge,True,1,2.449489742783178,"[0, 1, 2] -> [0, 2, 4] -> [0, 2, 5] -> [0, 2, 6] -> [0, 2, 3]",False,0.045412053887666275,-0.3603346161183082,0.5041098118950215,11.100793043670068,-4.0,5,False,False,0.09261192724166407,-0.6711338653045247,1.1039458090780947,11.920125646422798,-8.0,5,1.0,0.6728529319176882,0.6728529319177268,0.6728529319177075,0.6728529319177268,0.5897660736017529,2.001173722985544,2,2.221247105372363,2,4,False,0.8118413847335859,0.7337181717577358,1.7983198619736564e-16,0.875614143249893,0.8756141432499004,0.8756141432498967,0.8756141432499004,0.6722938260935574,2.001173722985544,2,2.221247105372363,2,4,False,0.4583844633526456,0.7751039065204866,2.2278115918974753e-33,True,"[(1, 3), (1, 5), (3, 6), (4, 5), (4, 6)]","[1, 3, 4, 5, 6]",True,-0.37836031198177783,address_order,0.9831765350821571,0.9623208521879859,unit,"[0, 2]"
0.6568372405196964,"[3, 4, 5]","[0, 1, 2]",-0.20417768143318046,0.20459932250463359,"[1, 4, 6]","[0, 2, 3]",-0.9375490570656712,True,0.999999999999378,False,1.0,1.0,0,0.5438258343030019,0.5438258343030753,0.5438258343030387,0.5438258343030753,0.5438258343031512,2.001173722985544,2,2.221247105372363,2,4,False,6.831037208220323e-13,0.3395063127800071,2.0672306077682954e-16,0.9999999999999166,False,-1.0,-1.0,identity,4,motif_only,shared_edge,True,1,2.449489742783178,"[0, 1, 2] -> [0, 2, 4] -> [0, 2, 5] -> [0, 2, 6] -> [0, 2, 3]",False,0.045412053887666275,-0.3603346161183082,0.5041098118950215,11.100793043670068,-4.0,5,False,False,0.09261192724166407,-0.6711338653045247,1.1039458090780947,11.920125646422798,-8.0,5,0.35355339059321955,0.5687263756823553,0.5687263756824208,0.568726375682388,0.5687263756824208,0.5522107226461782,2.001173722985544,2,2.221247105372363,2,4,False,0.3015472044672216,0.38970949402287997,2.050765007180539e-16,0.875614143249893,0.8756141432499004,0.8756141432498967,0.8756141432499004,0.6722938260935574,2.001173722985544,2,2.221247105372363,2,4,False,0.4583844633526456,0.7751039065204866,2.2278115918974753e-33,True,"[(1, 3), (1, 5), (3, 6), (4, 5), (4, 6)]","[1, 3, 4, 5, 6]",True,-0.37836031198177783,address_order,0.9831765350821571,0.9623208521879859,quarter_base_norm,"[0, 2]"
0.6568372405196964,"[3, 4, 5]","[0, 1, 2]",-0.20417768143318046,0.20459932250463359,"[1, 4, 6]","[0, 2, 3]",-0.9375490570656712,True,0.999999999999378,False,1.0,1.0,0,0.5438258343030019,0.5438258343030753,0.5438258343030387,0.5438258343030753,0.5438258343031512,2.001173722985544,2,2.221247105372363,2,4,False,6.831037208220323e-13,0.3395063127800071,2.0672306077682954e-16,0.9999999999999166,False,-1.0,-1.0,identity,4,motif_only,shared_edge,True,1,2.449489742783178,"[0, 1, 2] -> [0, 2, 4] -> [0, 2, 5] -> [0, 2, 6] -> [0, 2, 3]",False,0.045412053887666275,-0.3603346161183082,0.5041098118950215,11.100793043670068,-4.0,5,False,False,0.09261192724166407,-0.6711338653045247,1.1039458090780947,11.920125646422798,-8.0,5,0.7071067811864391,0.6244495624277766,0.6244495624278266,0.6244495624278016,0.6244495624278266,0.5718330422117728,2.001173722985544,2,2.221247105372363,2,4,False,0.5810700320571985,0.5381465197021316,1.915477529533565e-16,0.875614143249893,0.8756141432499004,0.8756141432498967,0.8756141432499004,0.6722938260935574,2.001173722985544,2,2.221247105372363,2,4,False,0.4583844633526456,0.7751039065204866,2.2278115918974753e-33,True,"[(1, 3), (1, 5), (3, 6), (4, 5), (4, 6)]","[1, 3, 4, 5, 6]",True,-0.37836031198177783,address_order,0.9831765350821571,0.9623208521879859,half_base_norm,"[0, 2]"
0.6568372405196964,"[3, 4, 5]","[0, 1, 2]",-0.20417768143318046,0.20459932250463359,"[1, 4, 6]","[0, 2, 3]",-0.9375490570656712,True,0.999999999999378,False,1.0,1.0,0,0.5438258343030019,0.5438258343030753,0.5438258343030387,0.5438258343030753,0.5438258343031512,2.001173722985544,2,2.221247105372363,2,4,False,6.831037208220323e-13,0.3395063127800071,2.0672306077682954e-16,0.9999999999999166,False,-1.0,-1.0,identity,4,motif_only,shared_edge,True,1,2.449489742783178,"[0, 1, 2] -> [0, 2, 4] -> [0, 2, 5] -> [0, 2, 6] -> [0, 2, 3]",False,0.045412053887666275,-0.3603346161183082,0.5041098118950215,11.100793043670068,-4.0,5,False,False,0.09261192724166407,-0.6711338653045247,1.1039458090780947,11.920125646422798,-8.0,5,1.4142135623728782,0.7288506931859792,0.7288506931860066,0.7288506931859928,0.7288506931860066,0.6114431807859914,2.001173722985544,2,2.221247105372363,2,4,False,1.2120719443909311,1.1220669896741138,1.6276878004650673e-16,0.875614143249893,0.8756141432499004,0.8756141432498967,0.8756141432499004,0.6722938260935574,2.001173722985544,2,2.221247105372363,2,4,False,0.4583844633526456,0.7751039065204866,2.2278115918974753e-33,True,"[(1, 3), (1, 5), (3, 6), (4, 5), (4, 6)]","[1, 3, 4, 5, 6]",True,-0.37836031198177783,address_order,0.9831765350821571,0.9623208521879859,base_norm,"[0, 2]"
0.6568372405196964,"[3, 4, 5]","[0, 1, 2]",-0.20417768143318046,0.20459932250463359,"[1, 4, 6]","[0, 2, 3]",-0.9375490570656712,True,0.999999999999378,False,1.0,1.0,0,0.5438258343030019,0.5438258343030753,0.5438258343030387,0.5438258343030753,0.5438258343031512,2.001173722985544,2,2.221247105372363,2,4,False,6.831037208220323e-13,0.3395063127800071,2.0672306077682954e-16,0.9999999999999166,False,-1.0,-1.0,edge_projector,4,motif_only,shared_edge,True,1,1.4142135623730951,"[0, 1, 2] -> [0, 2, 4] -> [0, 2, 5] -> [0, 2, 6] -> [0, 2, 3]",False,0.045412053887666275,-0.3603346161183082,0.5041098118950215,11.100793043670068,-4.0,5,False,False,0.09261192724166407,-0.6711338653045247,1.1039458090780947,11.920125646422798,-8.0,5,1.0,0.5553256992496887,0.6371668812302573,0.596246290239973,0.6371668812302573,0.5976281355795627,2.001173722985544,2,2.221247105372363,2,4,False,0.17007663376216237,0.3453922919084411,2.080200179554665e-16,0.9801318108644672,0.9979579115383593,0.9890448612014133,0.9979579115383593,0.9760710949170137,2.001173722985544,2,2.221247105372363,2,4,False,0.9902480272044575,0.9951359594031316,3.239093420773256e-16,True,"[(1, 3), (1, 5), (3, 6), (4, 5), (4, 6)]","[1, 3, 4, 5, 6]",True,-0.37836031198177783,address_order,0.9831765350821571,0.9623208521879859,unit,"[0, 2]"
0.6568372405196964,"[3, 4, 5]","[0, 1, 2]",-0.20417768143318046,0.20459932250463359,"[1, 4, 6]","[0, 2, 3]",-0.9375490570656712,True,0.999999999999378,False,1.0,1.0,0,0.5438258343030019,0.5438258343030753,0.5438258343030387,0.5438258343030753,0.5438258343031512,2.001173722985544,2,2.221247105372363,2,4,False,6.831037208220323e-13,0.3395063127800071,2.0672306077682954e-16,0.9999999999999166,False,-1.0,-1.0,edge_projector,4,motif_only,shared_edge,True,1,1.4142135623730951,"[0, 1, 2] -> [0, 2, 4] -> [0, 2, 5] -> [0, 2, 6] -> [0, 2, 3]",False,0.045412053887666275,-0.3603346161183082,0.5041098118950215,11.100793043670068,-4.0,5,False,False,0.09261192724166407,-0.6711338653045247,1.1039458090780947,11.920125646422798,-8.0,5,0.6123724356955175,0.5482185409482985,0.5844624093128926,0.5663404751305956,0.5844624093128926,0.5658669017297864,2.001173722985544,2,2.221247105372363,2,4,False,0.10457199902507626,0.3417091290217144,2.0794775441199616e-16,0.9801318108644672,0.9979579115383593,0.9890448612014133,0.9979579115383593,0.9760710949170137,2.001173722985544,2,2.221247105372363,2,4,False,0.9902480272044575,0.9951359594031316,3.239093420773256e-16,True,"[(1, 3), (1, 5), (3, 6), (4, 5), (4, 6)]","[1, 3, 4, 5, 6]",True,-0.37836031198177783,address_order,0.9831765350821571,0.9623208521879859,quarter_base_norm,"[0, 2]"
0.6568372405196964,"[3, 4, 5]","[0, 1, 2]",-0.20417768143318046,0.20459932250463359,"[1, 4, 6]","[0, 2, 3]",-0.9375490570656712,True,0.999999999999378,False,1.0,1.0,0,0.5438258343030019,0.5438258343030753,0.5438258343030387,0.5438258343030753,0.5438258343031512,2.001173722985544,2,2.221247105372363,2,4,False,6.831037208220323e-13,0.3395063127800071,2.0672306077682954e-16,0.9999999999999166,False,-1.0,-1.0,edge_projector,4,motif_only,shared_edge,True,1,1.4142135623730951,"[0, 1, 2] -> [0, 2, 4] -> [0, 2, 5] -> [0, 2, 6] -> [0, 2, 3]",False,0.045412053887666275,-0.3603346161183082,0.5041098118950215,11.100793043670068,-4.0,5,False,False,0.09261192724166407,-0.6711338653045247,1.1039458090780947,11.920125646422798,-8.0,5,1.224744871391035,0.5608281005288018,0.6700988975746729,0.6154634990517374,0.6700988975746729,0.6194775648770092,2.001173722985544,2,2.221247105372363,2,4,False,0.20762976078372683,0.34834917485316375,2.1101686378702432e-16,0.9801318108644672,0.9979579115383593,0.9890448612014133,0.9979579115383593,0.9760710949170137,2.001173722985544,2,2.221247105372363,2,4,False,0.9902480272044575,0.9951359594031316,3.239093420773256e-16,True,"[(1, 3), (1, 5), (3, 6), (4, 5), (4, 6)]","[1, 3, 4, 5, 6]",True,-0.37836031198177783,address_order,0.9831765350821571,0.9623208521879859,half_base_norm,"[0, 2]"
0.6568372405196964,"[3, 4, 5]","[0, 1, 2]",-0.20417768143318046,0.20459932250463359,"[1, 4, 6]","[0, 2, 3]",-0.9375490570656712,True,0.999999999999378,False,1.0,1.0,0,0.5438258343030019,0.5438258343030753,0.5438258343030387,0.5438258343030753,0.5438258343031512,2.001173722985544,2,2.221247105372363,2,4,False,6.831037208220323e-13,0.3395063127800071,2.0672306077682954e-16,0.9999999999999166,False,-1.0,-1.0,edge_projector,4,motif_only,shared_edge,True,1,1.4142135623730951,"[0, 1, 2] -> [0, 2, 4] -> [0, 2, 5] -> [0, 2, 6] -> [0, 2, 3]",False,0.045412053887666275,-0.3603346161183082,0.5041098118950215,11.100793043670068,-4.0,5,False,False,0.09261192724166407,-0.6711338653045247,1.1039458090780947,11.920125646422798,-8.0,5,2.44948974278207,0.6041556988642444,0.8159833747853771,0.7100695368248107,0.8159833747853771,0.7394971780033099,2.001173722985544,2,2.221247105372363,2,4,False,0.40350531563179876,0.3753383065584822,2.235843382667633e-16,0.9801318108644672,0.9979579115383593,0.9890448612014133,0.9979579115383593,0.9760710949170137,2.001173722985544,2,2.221247105372363,2,4,False,0.9902480272044575,0.9951359594031316,3.239093420773256e-16,True,"[(1, 3), (1, 5), (3, 6), (4, 5), (4, 6)]","[1, 3, 4, 5, 6]",True,-0.37836031198177783,address_order,0.9831765350821571,0.9623208521879859,base_norm,"[0, 2]"
0.6568372405196964,"[3, 4, 5]","[0, 1, 2]",-0.20417768143318046,0.20459932250463359,"[1, 4, 6]","[0, 2, 3]",-0.9375490570656712,True,0.999999999999378,False,1.0,1.0,0,0.5438258343030019,0.5438258343030753,0.5438258343030387,0.5438258343030753,0.5438258343031512,2.001173722985544,2,2.221247105372363,2,4,False,6.831037208220323e-13,0.3395063127800071,2.0672306077682954e-16,0.9999999999999166,False,-1.0,-1.0,edge_complement,4,motif_only,shared_edge,True,1,2.0,"[0, 1, 2] -> [0, 2, 4] -> [0, 2, 5] -> [0, 2, 6] -> [0, 2, 3]",False,0.045412053887666275,-0.3603346161183082,0.5041098118950215,11.100793043670068,-4.0,5,False,False,0.09261192724166407,-0.6711338653045247,1.1039458090780947,11.920125646422798,-8.0,5,1.0,0.6765862128046545,0.6765862128046545,0.649986826966481,0.6233874411283076,0.5777538117847942,2.001173722985544,2,2.221247105372363,2,4,False,0.7288796144789778,0.6469463610869991,1.8881592492054763e-16,0.8915599027875913,0.8915599027875913,0.8596556714095995,0.8277514400316077,0.655499291810163,2.001173722985544,2,2.221247105372363,2,4,False,0.5480301930026725,0.8059975799214049,1.1667835913531919e-16,True,"[(1, 3), (1, 5), (3, 6), (4, 5), (4, 6)]","[1, 3, 4, 5, 6]",True,-0.37836031198177783,address_order,0.9831765350821571,0.9623208521879859,unit,"[0, 2]"
0.6568372405196964,"[3, 4, 5]","[0, 1, 2]",-0.20417768143318046,0.20459932250463359,"[1, 4, 6]","[0, 2, 3]",-0.9375490570656712,True,0.999999999999378,False,1.0,1.0,0,0.5438258343030019,0.5438258343030753,0.5438258343030387,0.5438258343030753,0.5438258343031512,2.001173722985544,2,2.221247105372363,2,4,False,6.831037208220323e-13,0.3395063127800071,2.0672306077682954e-16,0.9999999999999166,False,-1.0,-1.0,edge_complement,4,motif_only,shared_edge,True,1,2.0,"[0, 1, 2] -> [0, 2, 4] -> [0, 2, 5] -> [0, 2, 6] -> [0, 2, 3]",False,0.045412053887666275,-0.3603346161183082,0.5041098118950215,11.100793043670068,-4.0,5,False,False,0.09261192724166407,-0.6711338653045247,1.1039458090780947,11.920125646422798,-8.0,5,0.4330127018921131,0.5805241254341476,0.5805241254341476,0.5719282040568321,0.5633322826795165,0.552288764550956,2.001173722985544,2,2.221247105372363,2,4,False,0.33365539870229843,0.39565017161202354,2.132229784655031e-16,0.8915599027875913,0.8915599027875913,0.8596556714095995,0.8277514400316077,0.655499291810163,2.001173722985544,2,2.221247105372363,2,4,False,0.5480301930026725,0.8059975799214049,1.1667835913531919e-16,True,"[(1, 3), (1, 5), (3, 6), (4, 5), (4, 6)]","[1, 3, 4, 5, 6]",True,-0.37836031198177783,address_order,0.9831765350821571,0.9623208521879859,quarter_base_norm,"[0, 2]"
0.6568372405196964,"[3, 4, 5]","[0, 1, 2]",-0.20417768143318046,0.20459932250463359,"[1, 4, 6]","[0, 2, 3]",-0.9375490570656712,True,0.999999999999378,False,1.0,1.0,0,0.5438258343030019,0.5438258343030753,0.5438258343030387,0.5438258343030753,0.5438258343031512,2.001173722985544,2,2.221247105372363,2,4,False,6.831037208220323e-13,0.3395063127800071,2.0672306077682954e-16,0.9999999999999166,False,-1.0,-1.0,edge_complement,4,motif_only,shared_edge,True,1,2.0,"[0, 1, 2] -> [0, 2, 4] -> [0, 2, 5] -> [0, 2, 6] -> [0, 2, 3]",False,0.045412053887666275,-0.3603346161183082,0.5041098118950215,11.100793043670068,-4.0,5,False,False,0.09261192724166407,-0.6711338653045247,1.1039458090780947,11.920125646422798,-8.0,5,0.8660254037842262,0.6542137140362819,0.6542137140362819,0.6311673168557561,0.6081209196752303,0.5713741383729688,2.001173722985544,2,2.221247105372363,2,4,False,0.6365369958243227,0.5688002192881545,2.0367951175229703e-16,0.8915599027875913,0.8915599027875913,0.8596556714095995,0.8277514400316077,0.655499291810163,2.001173722985544,2,2.221247105372363,2,4,False,0.5480301930026725,0.8059975799214049,1.1667835913531919e-16,True,"[(1, 3), (1, 5), (3, 6), (4, 5), (4, 6)]","[1, 3, 4, 5, 6]",True,-0.37836031198177783,address_order,0.9831765350821571,0.9623208521879859,half_base_norm,"[0, 2]"
0.6568372405196964,"[3, 4, 5]","[0, 1, 2]",-0.20417768143318046,0.20459932250463359,"[1, 4, 6]","[0, 2, 3]",-0.9375490570656712,True,0.999999999999378,False,1.0,1.0,0,0.5438258343030019,0.5438258343030753,0.5438258343030387,0.5438258343030753,0.5438258343031512,2.001173722985544,2,2.221247105372363,2,4,False,6.831037208220323e-13,0.3395063127800071,2.0672306077682954e-16,0.9999999999999166,False,-1.0,-1.0,edge_complement,4,motif_only,shared_edge,True,1,2.0,"[0, 1, 2] -> [0, 2, 4] -> [0, 2, 5] -> [0, 2, 6] -> [0, 2, 3]",False,0.045412053887666275,-0.3603346161183082,0.5041098118950215,11.100793043670068,-4.0,5,False,False,0.09261192724166407,-0.6711338653045247,1.1039458090780947,11.920125646422798,-8.0,5,1.7320508075684524,0.7684222330252138,0.7684222330252138,0.7321974036146437,0.6959725742040734,0.6070755982227197,2.001173722985544,2,2.221247105372363,2,4,False,1.3818534289068278,1.2802648933121459,1.7821487602210718e-16,0.8915599027875913,0.8915599027875913,0.8596556714095995,0.8277514400316077,0.655499291810163,2.001173722985544,2,2.221247105372363,2,4,False,0.5480301930026725,0.8059975799214049,1.1667835913531919e-16,True,"[(1, 3), (1, 5), (3, 6), (4, 5), (4, 6)]","[1, 3, 4, 5, 6]",True,-0.37836031198177783,address_order,0.9831765350821571,0.9623208521879859,base_norm,"[0, 2]"
0.6568372405196964,"[3, 4, 5]","[0, 1, 2]",-0.20417768143318046,0.20459932250463359,"[1, 4, 6]","[0, 2, 3]",-0.9375490570656712,True,0.999999999999378,False,1.0,1.0,0,0.5438258343030019,0.5438258343030753,0.5438258343030387,0.5438258343030753,0.5438258343031512,2.001173722985544,2,2.221247105372363,2,4,False,6.831037208220323e-13,0.3395063127800071,2.0672306077682954e-16,0.9999999999999166,False,-1.0,-1.0,identity,4,motif_only,shared_edge,True,0,0.0,"[0, 2, 3] -> [0, 2, 6] -> [0, 1, 2] -> [0, 2, 5] -> [0, 2, 4]",False,0.04541205388766627,-0.3603346161183081,0.5041098118950215,11.10079304367007,-4.0,5,False,False,0.09261192724166409,-0.6711338653045248,1.1039458090780947,11.920125646422797,-8.0,5,0.0,0.5438258343030019,0.5438258343030753,0.5438258343030387,0.5438258343030753,0.5438258343031512,2.001173722985544,2,2.221247105372363,2,4,False,6.831037208220323e-13,0.3395063127800071,2.0672306077682954e-16,0.0,0.0,0.0,0.0,0.0,2.001173722985544,2,2.221247105372363,2,4,False,0.0,0.9999999999995,0.0,True,"[(1, 3), (1, 5), (3, 6), (4, 5), (4, 6)]","[1, 3, 4, 5, 6]",True,-0.37836031198177783,geometric_angle,0.9831765350821571,0.9623208521879859,unit,"[0, 2]"
0.6568372405196964,"[3, 4, 5]","[0, 1, 2]",-0.20417768143318046,0.20459932250463359,"[1, 4, 6]","[0, 2, 3]",-0.9375490570656712,True,0.999999999999378,False,1.0,1.0,0,0.5438258343030019,0.5438258343030753,0.5438258343030387,0.5438258343030753,0.5438258343031512,2.001173722985544,2,2.221247105372363,2,4,False,6.831037208220323e-13,0.3395063127800071,2.0672306077682954e-16,0.9999999999999166,False,-1.0,-1.0,identity,4,motif_only,shared_edge,True,0,0.0,"[0, 2, 3] -> [0, 2, 6] -> [0, 1, 2] -> [0, 2, 5] -> [0, 2, 4]",False,0.04541205388766627,-0.3603346161183081,0.5041098118950215,11.10079304367007,-4.0,5,False,False,0.09261192724166409,-0.6711338653045248,1.1039458090780947,11.920125646422797,-8.0,5,0.0,0.5438258343030019,0.5438258343030753,0.5438258343030387,0.5438258343030753,0.5438258343031512,2.001173722985544,2,2.221247105372363,2,4,False,6.831037208220323e-13,0.3395063127800071,2.0672306077682954e-16,0.0,0.0,0.0,0.0,0.0,2.001173722985544,2,2.221247105372363,2,4,False,0.0,0.9999999999995,0.0,True,"[(1, 3), (1, 5), (3, 6), (4, 5), (4, 6)]","[1, 3, 4, 5, 6]",True,-0.37836031198177783,geometric_angle,0.9831765350821571,0.9623208521879859,quarter_base_norm,"[0, 2]"
0.6568372405196964,"[3, 4, 5]","[0, 1, 2]",-0.20417768143318046,0.20459932250463359,"[1, 4, 6]","[0, 2, 3]",-0.9375490570656712,True,0.999999999999378,False,1.0,1.0,0,0.5438258343030019,0.5438258343030753,0.5438258343030387,0.5438258343030753,0.5438258343031512,2.001173722985544,2,2.221247105372363,2,4,False,6.831037208220323e-13,0.3395063127800071,2.0672306077682954e-16,0.9999999999999166,False,-1.0,-1.0,identity,4,motif_only,shared_edge,True,0,0.0,"[0, 2, 3] -> [0, 2, 6] -> [0, 1, 2] -> [0, 2, 5] -> [0, 2, 4]",False,0.04541205388766627,-0.3603346161183081,0.5041098118950215,11.10079304367007,-4.0,5,False,False,0.09261192724166409,-0.6711338653045248,1.1039458090780947,11.920125646422797,-8.0,5,0.0,0.5438258343030019,0.5438258343030753,0.5438258343030387,0.5438258343030753,0.5438258343031512,2.001173722985544,2,2.221247105372363,2,4,False,6.831037208220323e-13,0.3395063127800071,2.0672306077682954e-16,0.0,0.0,0.0,0.0,0.0,2.001173722985544,2,2.221247105372363,2,4,False,0.0,0.9999999999995,0.0,True,"[(1, 3), (1, 5), (3, 6), (4, 5), (4, 6)]","[1, 3, 4, 5, 6]",True,-0.37836031198177783,geometric_angle,0.9831765350821571,0.9623208521879859,half_base_norm,"[0, 2]"
0.6568372405196964,"[3, 4, 5]","[0, 1, 2]",-0.20417768143318046,0.20459932250463359,"[1, 4, 6]","[0, 2, 3]",-0.9375490570656712,True,0.999999999999378,False,1.0,1.0,0,0.5438258343030019,0.5438258343030753,0.5438258343030387,0.5438258343030753,0.5438258343031512,2.001173722985544,2,2.221247105372363,2,4,False,6.831037208220323e-13,0.3395063127800071,2.0672306077682954e-16,0.9999999999999166,False,-1.0,-1.0,identity,4,motif_only,shared_edge,True,0,0.0,"[0, 2, 3] -> [0, 2, 6] -> [0, 1, 2] -> [0, 2, 5] -> [0, 2, 4]",False,0.04541205388766627,-0.3603346161183081,0.5041098118950215,11.10079304367007,-4.0,5,False,False,0.09261192724166409,-0.6711338653045248,1.1039458090780947,11.920125646422797,-8.0,5,0.0,0.5438258343030019,0.5438258343030753,0.5438258343030387,0.5438258343030753,0.5438258343031512,2.001173722985544,2,2.221247105372363,2,4,False,6.831037208220323e-13,0.3395063127800071,2.0672306077682954e-16,0.0,0.0,0.0,0.0,0.0,2.001173722985544,2,2.221247105372363,2,4,False,0.0,0.9999999999995,0.0,True,"[(1, 3), (1, 5), (3, 6), (4, 5), (4, 6)]","[1, 3, 4, 5, 6]",True,-0.37836031198177783,geometric_angle,0.9831765350821571,0.9623208521879859,base_norm,"[0, 2]"
0.6568372405196964,"[3, 4, 5]","[0, 1, 2]",-0.20417768143318046,0.20459932250463359,"[1, 4, 6]","[0, 2, 3]",-0.9375490570656712,True,0.999999999999378,False,1.0,1.0,0,0.5438258343030019,0.5438258343030753,0.5438258343030387,0.5438258343030753,0.5438258343031512,2.001173722985544,2,2.221247105372363,2,4,False,6.831037208220323e-13,0.3395063127800071,2.0672306077682954e-16,0.9999999999999166,False,-1.0,-1.0,edge_projector,4,motif_only,shared_edge,True,0,0.0,"[0, 2, 3] -> [0, 2, 6] -> [0, 1, 2] -> [0, 2, 5] -> [0, 2, 4]",False,0.04541205388766627,-0.3603346161183081,0.5041098118950215,11.10079304367007,-4.0,5,False,False,0.09261192724166409,-0.6711338653045248,1.1039458090780947,11.920125646422797,-8.0,5,0.0,0.5438258343030019,0.5438258343030753,0.5438258343030387,0.5438258343030753,0.5438258343031512,2.001173722985544,2,2.221247105372363,2,4,False,6.831037208220323e-13,0.3395063127800071,2.0672306077682954e-16,0.0,0.0,0.0,0.0,0.0,2.001173722985544,2,2.221247105372363,2,4,False,0.0,0.9999999999995,0.0,True,"[(1, 3), (1, 5), (3, 6), (4, 5), (4, 6)]","[1, 3, 4, 5, 6]",True,-0.37836031198177783,geometric_angle,0.9831765350821571,0.9623208521879859,unit,"[0, 2]"
0.6568372405196964,"[3, 4, 5]","[0, 1, 2]",-0.20417768143318046,0.20459932250463359,"[1, 4, 6]","[0, 2, 3]",-0.9375490570656712,True,0.999999999999378,False,1.0,1.0,0,0.5438258343030019,0.5438258343030753,0.5438258343030387,0.5438258343030753,0.5438258343031512,2.001173722985544,2,2.221247105372363,2,4,False,6.831037208220323e-13,0.3395063127800071,2.0672306077682954e-16,0.9999999999999166,False,-1.0,-1.0,edge_projector,4,motif_only,shared_edge,True,0,0.0,"[0, 2, 3] -> [0, 2, 6] -> [0, 1, 2] -> [0, 2, 5] -> [0, 2, 4]",False,0.04541205388766627,-0.3603346161183081,0.5041098118950215,11.10079304367007,-4.0,5,False,False,0.09261192724166409,-0.6711338653045248,1.1039458090780947,11.920125646422797,-8.0,5,0.0,0.5438258343030019,0.5438258343030753,0.5438258343030387,0.5438258343030753,0.5438258343031512,2.001173722985544,2,2.221247105372363,2,4,False,6.831037208220323e-13,0.3395063127800071,2.0672306077682954e-16,0.0,0.0,0.0,0.0,0.0,2.001173722985544,2,2.221247105372363,2,4,False,0.0,0.9999999999995,0.0,True,"[(1, 3), (1, 5), (3, 6), (4, 5), (4, 6)]","[1, 3, 4, 5, 6]",True,-0.37836031198177783,geometric_angle,0.9831765350821571,0.9623208521879859,quarter_base_norm,"[0, 2]"
0.6568372405196964,"[3, 4, 5]","[0, 1, 2]",-0.20417768143318046,0.20459932250463359,"[1, 4, 6]","[0, 2, 3]",-0.9375490570656712,True,0.999999999999378,False,1.0,1.0,0,0.5438258343030019,0.5438258343030753,0.5438258343030387,0.5438258343030753,0.5438258343031512,2.001173722985544,2,2.221247105372363,2,4,False,6.831037208220323e-13,0.3395063127800071,2.0672306077682954e-16,0.9999999999999166,False,-1.0,-1.0,edge_projector,4,motif_only,shared_edge,True,0,0.0,"[0, 2, 3] -> [0, 2, 6] -> [0, 1, 2] -> [0, 2, 5] -> [0, 2, 4]",False,0.04541205388766627,-0.3603346161183081,0.5041098118950215,11.10079304367007,-4.0,5,False,False,0.09261192724166409,-0.6711338653045248,1.1039458090780947,11.920125646422797,-8.0,5,0.0,0.5438258343030019,0.5438258343030753,0.5438258343030387,0.5438258343030753,0.5438258343031512,2.001173722985544,2,2.221247105372363,2,4,False,6.831037208220323e-13,0.3395063127800071,2.0672306077682954e-16,0.0,0.0,0.0,0.0,0.0,2.001173722985544,2,2.221247105372363,2,4,False,0.0,0.9999999999995,0.0,True,"[(1, 3), (1, 5), (3, 6), (4, 5), (4, 6)]","[1, 3, 4, 5, 6]",True,-0.37836031198177783,geometric_angle,0.9831765350821571,0.9623208521879859,half_base_norm,"[0, 2]"
0.6568372405196964,"[3, 4, 5]","[0, 1, 2]",-0.20417768143318046,0.20459932250463359,"[1, 4, 6]","[0, 2, 3]",-0.9375490570656712,True,0.999999999999378,False,1.0,1.0,0,0.5438258343030019,0.5438258343030753,0.5438258343030387,0.5438258343030753,0.5438258343031512,2.001173722985544,2,2.221247105372363,2,4,False,6.831037208220323e-13,0.3395063127800071,2.0672306077682954e-16,0.9999999999999166,False,-1.0,-1.0,edge_projector,4,motif_only,shared_edge,True,0,0.0,"[0, 2, 3] -> [0, 2, 6] -> [0, 1, 2] -> [0, 2, 5] -> [0, 2, 4]",False,0.04541205388766627,-0.3603346161183081,0.5041098118950215,11.10079304367007,-4.0,5,False,False,0.09261192724166409,-0.6711338653045248,1.1039458090780947,11.920125646422797,-8.0,5,0.0,0.5438258343030019,0.5438258343030753,0.5438258343030387,0.5438258343030753,0.5438258343031512,2.001173722985544,2,2.221247105372363,2,4,False,6.831037208220323e-13,0.3395063127800071,2.0672306077682954e-16,0.0,0.0,0.0,0.0,0.0,2.001173722985544,2,2.221247105372363,2,4,False,0.0,0.9999999999995,0.0,True,"[(1, 3), (1, 5), (3, 6), (4, 5), (4, 6)]","[1, 3, 4, 5, 6]",True,-0.37836031198177783,geometric_angle,0.9831765350821571,0.9623208521879859,base_norm,"[0, 2]"
0.6568372405196964,"[3, 4, 5]","[0, 1, 2]",-0.20417768143318046,0.20459932250463359,"[1, 4, 6]","[0, 2, 3]",-0.9375490570656712,True,0.999999999999378,False,1.0,1.0,0,0.5438258343030019,0.5438258343030753,0.5438258343030387,0.5438258343030753,0.5438258343031512,2.001173722985544,2,2.221247105372363,2,4,False,6.831037208220323e-13,0.3395063127800071,2.0672306077682954e-16,0.9999999999999166,False,-1.0,-1.0,edge_complement,4,motif_only,shared_edge,True,0,0.0,"[0, 2, 3] -> [0, 2, 6] -> [0, 1, 2] -> [0, 2, 5] -> [0, 2, 4]",False,0.04541205388766627,-0.3603346161183081,0.5041098118950215,11.10079304367007,-4.0,5,False,False,0.09261192724166409,-0.6711338653045248,1.1039458090780947,11.920125646422797,-8.0,5,0.0,0.5438258343030019,0.5438258343030753,0.5438258343030387,0.5438258343030753,0.5438258343031512,2.001173722985544,2,2.221247105372363,2,4,False,6.831037208220323e-13,0.3395063127800071,2.0672306077682954e-16,0.0,0.0,0.0,0.0,0.0,2.001173722985544,2,2.221247105372363,2,4,False,0.0,0.9999999999995,0.0,True,"[(1, 3), (1, 5), (3, 6), (4, 5), (4, 6)]","[1, 3, 4, 5, 6]",True,-0.37836031198177783,geometric_angle,0.9831765350821571,0.9623208521879859,unit,"[0, 2]"
0.6568372405196964,"[3, 4, 5]","[0, 1, 2]",-0.20417768143318046,0.20459932250463359,"[1, 4, 6]","[0, 2, 3]",-0.9375490570656712,True,0.999999999999378,False,1.0,1.0,0,0.5438258343030019,0.5438258343030753,0.5438258343030387,0.5438258343030753,0.5438258343031512,2.001173722985544,2,2.221247105372363,2,4,False,6.831037208220323e-13,0.3395063127800071,2.0672306077682954e-16,0.9999999999999166,False,-1.0,-1.0,edge_complement,4,motif_only,shared_edge,True,0,0.0,"[0, 2, 3] -> [0, 2, 6] -> [0, 1, 2] -> [0, 2, 5] -> [0, 2, 4]",False,0.04541205388766627,-0.3603346161183081,0.5041098118950215,11.10079304367007,-4.0,5,False,False,0.09261192724166409,-0.6711338653045248,1.1039458090780947,11.920125646422797,-8.0,5,0.0,0.5438258343030019,0.5438258343030753,0.5438258343030387,0.5438258343030753,0.5438258343031512,2.001173722985544,2,2.221247105372363,2,4,False,6.831037208220323e-13,0.3395063127800071,2.0672306077682954e-16,0.0,0.0,0.0,0.0,0.0,2.001173722985544,2,2.221247105372363,2,4,False,0.0,0.9999999999995,0.0,True,"[(1, 3), (1, 5), (3, 6), (4, 5), (4, 6)]","[1, 3, 4, 5, 6]",True,-0.37836031198177783,geometric_angle,0.9831765350821571,0.9623208521879859,quarter_base_norm,"[0, 2]"
0.6568372405196964,"[3, 4, 5]","[0, 1, 2]",-0.20417768143318046,0.20459932250463359,"[1, 4, 6]","[0, 2, 3]",-0.9375490570656712,True,0.999999999999378,False,1.0,1.0,0,0.5438258343030019,0.5438258343030753,0.5438258343030387,0.5438258343030753,0.5438258343031512,2.001173722985544,2,2.221247105372363,2,4,False,6.831037208220323e-13,0.3395063127800071,2.0672306077682954e-16,0.9999999999999166,False,-1.0,-1.0,edge_complement,4,motif_only,shared_edge,True,0,0.0,"[0, 2, 3] -> [0, 2, 6] -> [0, 1, 2] -> [0, 2, 5] -> [0, 2, 4]",False,0.04541205388766627,-0.3603346161183081,0.5041098118950215,11.10079304367007,-4.0,5,False,False,0.09261192724166409,-0.6711338653045248,1.1039458090780947,11.920125646422797,-8.0,5,0.0,0.5438258343030019,0.5438258343030753,0.5438258343030387,0.5438258343030753,0.5438258343031512,2.001173722985544,2,2.221247105372363,2,4,False,6.831037208220323e-13,0.3395063127800071,2.0672306077682954e-16,0.0,0.0,0.0,0.0,0.0,2.001173722985544,2,2.221247105372363,2,4,False,0.0,0.9999999999995,0.0,True,"[(1, 3), (1, 5), (3, 6), (4, 5), (4, 6)]","[1, 3, 4, 5, 6]",True,-0.37836031198177783,geometric_angle,0.9831765350821571,0.9623208521879859,half_base_norm,"[0, 2]"
0.6568372405196964,"[3, 4, 5]","[0, 1, 2]",-0.20417768143318046,0.20459932250463359,"[1, 4, 6]","[0, 2, 3]",-0.9375490570656712,True,0.999999999999378,False,1.0,1.0,0,0.5438258343030019,0.5438258343030753,0.5438258343030387,0.5438258343030753,0.5438258343031512,2.001173722985544,2,2.221247105372363,2,4,False,6.831037208220323e-13,0.3395063127800071,2.0672306077682954e-16,0.9999999999999166,False,-1.0,-1.0,edge_complement,4,motif_only,shared_edge,True,0,0.0,"[0, 2, 3] -> [0, 2, 6] -> [0, 1, 2] -> [0, 2, 5] -> [0, 2, 4]",False,0.04541205388766627,-0.3603346161183081,0.5041098118950215,11.10079304367007,-4.0,5,False,False,0.09261192724166409,-0.6711338653045248,1.1039458090780947,11.920125646422797,-8.0,5,0.0,0.5438258343030019,0.5438258343030753,0.5438258343030387,0.5438258343030753,0.5438258343031512,2.001173722985544,2,2.221247105372363,2,4,False,6.831037208220323e-13,0.3395063127800071,2.0672306077682954e-16,0.0,0.0,0.0,0.0,0.0,2.001173722985544,2,2.221247105372363,2,4,False,0.0,0.9999999999995,0.0,True,"[(1, 3), (1, 5), (3, 6), (4, 5), (4, 6)]","[1, 3, 4, 5, 6]",True,-0.37836031198177783,geometric_angle,0.9831765350821571,0.9623208521879859,base_norm,"[0, 2]"
0.6568372405196964,"[3, 4, 5]","[0, 1, 2]",-0.20417768143318046,0.20459932250463359,"[1, 4, 6]","[0, 2, 3]",-0.9375490570656712,True,0.999999999999378,False,1.0,1.0,0,0.543825834303002,0.5438258343030753,0.5438258343030387,0.5438258343030753,0.5438258343031512,2.001173722985544,2,2.221247105372363,2,4,False,6.830678060964564e-13,0.33950631278000715,1.9280608619193536e-16,0.9999999999999166,False,-1.0,-1.0,identity,7,with_link_faces,shared_edge,True,5,5.477225575051661,"[0, 1, 2] -> [0, 2, 3] -> [0, 2, 4] -> [0, 2, 5] -> [0, 2, 6]",False,0.04541205388766627,-0.3603346161183081,0.5041098118950215,11.10079304367007,-4.0,5,False,False,0.09261192724166409,-0.6711338653045248,1.1039458090780947,11.920125646422797,-8.0,5,1.0,0.7678204874789804,0.7678204874790032,0.7678204874789918,0.7678204874790032,0.7147503173686162,2.001173722985544,2,2.221247105372363,2,4,False,0.8753769740633285,0.7337181717577359,1.729499909701567e-16,0.9398670458789048,0.9398670458789082,0.9398670458789065,0.9398670458789082,0.8520501712348579,2.001173722985544,2,2.221247105372363,2,4,False,0.45838446335264554,0.7751039065204866,4.250106958255176e-33,True,"[(1, 3), (1, 5), (3, 6), (4, 5), (4, 6)]","[1, 3, 4, 5, 6]",True,-0.37836031198177783,birth_order,0.9831765350821571,0.9623208521879859,unit,"[0, 2]"
0.6568372405196964,"[3, 4, 5]","[0, 1, 2]",-0.20417768143318046,0.20459932250463359,"[1, 4, 6]","[0, 2, 3]",-0.9375490570656712,True,0.999999999999378,False,1.0,1.0,0,0.543825834303002,0.5438258343030753,0.5438258343030387,0.5438258343030753,0.5438258343031512,2.001173722985544,2,2.221247105372363,2,4,False,6.830678060964564e-13,0.33950631278000715,1.9280608619193536e-16,0.9999999999999166,False,-1.0,-1.0,identity,7,with_link_faces,shared_edge,True,5,5.477225575051661,"[0, 1, 2] -> [0, 2, 3] -> [0, 2, 4] -> [0, 2, 5] -> [0, 2, 6]",False,0.04541205388766627,-0.3603346161183081,0.5041098118950215,11.10079304367007,-4.0,5,False,False,0.09261192724166409,-0.6711338653045248,1.1039458090780947,11.920125646422797,-8.0,5,0.15811388300843038,0.556846775486179,0.5568467754862484,0.5568467754862136,0.5568467754862484,0.5533897981492445,2.001173722985544,2,2.221247105372363,2,4,False,0.16516025846466284,0.349591632318408,1.9196336119137492e-16,0.9398670458789048,0.9398670458789082,0.9398670458789065,0.9398670458789082,0.8520501712348579,2.001173722985544,2,2.221247105372363,2,4,False,0.45838446335264554,0.7751039065204866,4.250106958255176e-33,True,"[(1, 3), (1, 5), (3, 6), (4, 5), (4, 6)]","[1, 3, 4, 5, 6]",True,-0.37836031198177783,birth_order,0.9831765350821571,0.9623208521879859,quarter_base_norm,"[0, 2]"
0.6568372405196964,"[3, 4, 5]","[0, 1, 2]",-0.20417768143318046,0.20459932250463359,"[1, 4, 6]","[0, 2, 3]",-0.9375490570656712,True,0.999999999999378,False,1.0,1.0,0,0.543825834303002,0.5438258343030753,0.5438258343030387,0.5438258343030753,0.5438258343031512,2.001173722985544,2,2.221247105372363,2,4,False,6.830678060964564e-13,0.33950631278000715,1.9280608619193536e-16,0.9999999999999166,False,-1.0,-1.0,identity,7,with_link_faces,shared_edge,True,5,5.477225575051661,"[0, 1, 2] -> [0, 2, 3] -> [0, 2, 4] -> [0, 2, 5] -> [0, 2, 6]",False,0.04541205388766627,-0.3603346161183081,0.5041098118950215,11.10079304367007,-4.0,5,False,False,0.09261192724166409,-0.6711338653045248,1.1039458090780947,11.920125646422797,-8.0,5,0.31622776601686076,0.5909018872939376,0.5909018872939972,0.5909018872939673,0.5909018872939972,0.5786704883419165,2.001173722985544,2,2.221247105372363,2,4,False,0.32407069335787575,0.37970999641241393,1.9192420725977645e-16,0.9398670458789048,0.9398670458789082,0.9398670458789065,0.9398670458789082,0.8520501712348579,2.001173722985544,2,2.221247105372363,2,4,False,0.45838446335264554,0.7751039065204866,4.250106958255176e-33,True,"[(1, 3), (1, 5), (3, 6), (4, 5), (4, 6)]","[1, 3, 4, 5, 6]",True,-0.37836031198177783,birth_order,0.9831765350821571,0.9623208521879859,half_base_norm,"[0, 2]"
0.6568372405196964,"[3, 4, 5]","[0, 1, 2]",-0.20417768143318046,0.20459932250463359,"[1, 4, 6]","[0, 2, 3]",-0.9375490570656712,True,0.999999999999378,False,1.0,1.0,0,0.543825834303002,0.5438258343030753,0.5438258343030387,0.5438258343030753,0.5438258343031512,2.001173722985544,2,2.221247105372363,2,4,False,6.830678060964564e-13,0.33950631278000715,1.9280608619193536e-16,0.9999999999999166,False,-1.0,-1.0,identity,7,with_link_faces,shared_edge,True,5,5.477225575051661,"[0, 1, 2] -> [0, 2, 3] -> [0, 2, 4] -> [0, 2, 5] -> [0, 2, 6]",False,0.04541205388766627,-0.3603346161183081,0.5041098118950215,11.10079304367007,-4.0,5,False,False,0.09261192724166409,-0.6711338653045248,1.1039458090780947,11.920125646422797,-8.0,5,0.6324555320337215,0.6809062047989223,0.6809062047989606,0.6809062047989414,0.6809062047989606,0.6470495320939027,2.001173722985544,2,2.221247105372363,2,4,False,0.6061355383007143,0.49878047829240174,1.806685706478841e-16,0.9398670458789048,0.9398670458789082,0.9398670458789065,0.9398670458789082,0.8520501712348579,2.001173722985544,2,2.221247105372363,2,4,False,0.45838446335264554,0.7751039065204866,4.250106958255176e-33,True,"[(1, 3), (1, 5), (3, 6), (4, 5), (4, 6)]","[1, 3, 4, 5, 6]",True,-0.37836031198177783,birth_order,0.9831765350821571,0.9623208521879859,base_norm,"[0, 2]"
0.6568372405196964,"[3, 4, 5]","[0, 1, 2]",-0.20417768143318046,0.20459932250463359,"[1, 4, 6]","[0, 2, 3]",-0.9375490570656712,True,0.999999999999378,False,1.0,1.0,0,0.543825834303002,0.5438258343030753,0.5438258343030387,0.5438258343030753,0.5438258343031512,2.001173722985544,2,2.221247105372363,2,4,False,6.830678060964564e-13,0.33950631278000715,1.9280608619193536e-16,0.9999999999999166,False,-1.0,-1.0,edge_projector,7,with_link_faces,shared_edge,True,5,3.16227766016838,"[0, 1, 2] -> [0, 2, 3] -> [0, 2, 4] -> [0, 2, 5] -> [0, 2, 6]",False,0.04541205388766627,-0.3603346161183081,0.5041098118950215,11.10079304367007,-4.0,5,False,False,0.09261192724166409,-0.6711338653045248,1.1039458090780947,11.920125646422797,-8.0,5,1.0,0.5668236500263695,0.6976979647367678,0.6322608073815686,0.6976979647367678,0.6419614052593513,2.001173722985544,2,2.221247105372363,2,4,False,0.17505682779871032,0.3453922919084412,1.948886853175766e-16,0.9901157423918011,0.9989794775671431,0.9945476099794721,0.9989794775671431,0.9881079855793006,2.001173722985544,2,2.221247105372363,2,4,False,0.9902480272044575,0.9951359594031316,3.042598471773456e-16,True,"[(1, 3), (1, 5), (3, 6), (4, 5), (4, 6)]","[1, 3, 4, 5, 6]",True,-0.37836031198177783,birth_order,0.9831765350821571,0.9623208521879859,unit,"[0, 2]"
0.6568372405196964,"[3, 4, 5]","[0, 1, 2]",-0.20417768143318046,0.20459932250463359,"[1, 4, 6]","[0, 2, 3]",-0.9375490570656712,True,0.999999999999378,False,1.0,1.0,0,0.543825834303002,0.5438258343030753,0.5438258343030387,0.5438258343030753,0.5438258343031512,2.001173722985544,2,2.221247105372363,2,4,False,6.830678060964564e-13,0.33950631278000715,1.9280608619193536e-16,0.9999999999999166,False,-1.0,-1.0,edge_projector,7,with_link_faces,shared_edge,True,5,3.16227766016838,"[0, 1, 2] -> [0, 2, 3] -> [0, 2, 4] -> [0, 2, 5] -> [0, 2, 6]",False,0.04541205388766627,-0.3603346161183081,0.5041098118950215,11.10079304367007,-4.0,5,False,False,0.09261192724166409,-0.6711338653045248,1.1039458090780947,11.920125646422797,-8.0,5,0.27386127875256616,0.545647052156537,0.5611524850095173,0.5533997685830272,0.5611524850095173,0.5532754542695234,2.001173722985544,2,2.221247105372363,2,4,False,0.04823379146619659,0.33994644433996885,1.928505337815961e-16,0.9901157423918011,0.9989794775671431,0.9945476099794721,0.9989794775671431,0.9881079855793006,2.001173722985544,2,2.221247105372363,2,4,False,0.9902480272044575,0.9951359594031316,3.042598471773456e-16,True,"[(1, 3), (1, 5), (3, 6), (4, 5), (4, 6)]","[1, 3, 4, 5, 6]",True,-0.37836031198177783,birth_order,0.9831765350821571,0.9623208521879859,quarter_base_norm,"[0, 2]"
0.6568372405196964,"[3, 4, 5]","[0, 1, 2]",-0.20417768143318046,0.20459932250463359,"[1, 4, 6]","[0, 2, 3]",-0.9375490570656712,True,0.999999999999378,False,1.0,1.0,0,0.543825834303002,0.5438258343030753,0.5438258343030387,0.5438258343030753,0.5438258343031512,2.001173722985544,2,2.221247105372363,2,4,False,6.830678060964564e-13,0.33950631278000715,1.9280608619193536e-16,0.9999999999999166,False,-1.0,-1.0,edge_projector,7,with_link_faces,shared_edge,True,5,3.16227766016838,"[0, 1, 2] -> [0, 2, 3] -> [0, 2, 4] -> [0, 2, 5] -> [0, 2, 6]",False,0.04541205388766627,-0.3603346161183081,0.5041098118950215,11.10079304367007,-4.0,5,False,False,0.09261192724166409,-0.6711338653045248,1.1039458090780947,11.920125646422797,-8.0,5,0.5477225575051323,0.5510125160284259,0.6054242212599495,0.5782183686441877,0.6054242212599495,0.57913999123269,2.001173722985544,2,2.221247105372363,2,4,False,0.09632476201164172,0.34126813575687054,1.9292276588617179e-16,0.9901157423918011,0.9989794775671431,0.9945476099794721,0.9989794775671431,0.9881079855793006,2.001173722985544,2,2.221247105372363,2,4,False,0.9902480272044575,0.9951359594031316,3.042598471773456e-16,True,"[(1, 3), (1, 5), (3, 6), (4, 5), (4, 6)]","[1, 3, 4, 5, 6]",True,-0.37836031198177783,birth_order,0.9831765350821571,0.9623208521879859,half_base_norm,"[0, 2]"
0.6568372405196964,"[3, 4, 5]","[0, 1, 2]",-0.20417768143318046,0.20459932250463359,"[1, 4, 6]","[0, 2, 3]",-0.9375490570656712,True,0.999999999999378,False,1.0,1.0,0,0.543825834303002,0.5438258343030753,0.5438258343030387,0.5438258343030753,0.5438258343031512,2.001173722985544,2,2.221247105372363,2,4,False,6.830678060964564e-13,0.33950631278000715,1.9280608619193536e-16,0.9999999999999166,False,-1.0,-1.0,edge_projector,7,with_link_faces,shared_edge,True,5,3.16227766016838,"[0, 1, 2] -> [0, 2, 3] -> [0, 2, 4] -> [0, 2, 5] -> [0, 2, 6]",False,0.04541205388766627,-0.3603346161183081,0.5041098118950215,11.10079304367007,-4.0,5,False,False,0.09261192724166409,-0.6711338653045248,1.1039458090780947,11.920125646422797,-8.0,5,1.0954451150102646,0.5711134058764856,0.7163520303063472,0.6437327180914164,0.7163520303063472,0.6563313587156011,2.001173722985544,2,2.221247105372363,2,4,False,0.1915136530192386,0.34657395632824917,1.942100669128336e-16,0.9901157423918011,0.9989794775671431,0.9945476099794721,0.9989794775671431,0.9881079855793006,2.001173722985544,2,2.221247105372363,2,4,False,0.9902480272044575,0.9951359594031316,3.042598471773456e-16,True,"[(1, 3), (1, 5), (3, 6), (4, 5), (4, 6)]","[1, 3, 4, 5, 6]",True,-0.37836031198177783,birth_order,0.9831765350821571,0.9623208521879859,base_norm,"[0, 2]"
0.6568372405196964,"[3, 4, 5]","[0, 1, 2]",-0.20417768143318046,0.20459932250463359,"[1, 4, 6]","[0, 2, 3]",-0.9375490570656712,True,0.999999999999378,False,1.0,1.0,0,0.543825834303002,0.5438258343030753,0.5438258343030387,0.5438258343030753,0.5438258343031512,2.001173722985544,2,2.221247105372363,2,4,False,6.830678060964564e-13,0.33950631278000715,1.9280608619193536e-16,0.9999999999999166,False,-1.0,-1.0,edge_complement,7,with_link_faces,shared_edge,True,5,4.47213595499958,"[0, 1, 2] -> [0, 2, 3] -> [0, 2, 4] -> [0, 2, 5] -> [0, 2, 6]",False,0.04541205388766627,-0.3603346161183081,0.5041098118950215,11.10079304367007,-4.0,5,False,False,0.09261192724166409,-0.6711338653045248,1.1039458090780947,11.920125646422797,-8.0,5,1.0,0.7685361733162666,0.7685361733162666,0.7400541555636385,0.7115721378110105,0.6936862096790208,2.001173722985544,2,2.221247105372363,2,4,False,0.8137841918401368,0.6469463610869992,1.7732351042890727e-16,0.947332850759872,0.947332850759872,0.9326289029411633,0.9179249551224546,0.8454819103809087,2.001173722985544,2,2.221247105372363,2,4,False,0.5480301930026725,0.8059975799214049,8.250405896230355e-17,True,"[(1, 3), (1, 5), (3, 6), (4, 5), (4, 6)]","[1, 3, 4, 5, 6]",True,-0.37836031198177783,birth_order,0.9831765350821571,0.9623208521879859,unit,"[0, 2]"
0.6568372405196964,"[3, 4, 5]","[0, 1, 2]",-0.20417768143318046,0.20459932250463359,"[1, 4, 6]","[0, 2, 3]",-0.9375490570656712,True,0.999999999999378,False,1.0,1.0,0,0.543825834303002,0.5438258343030753,0.5438258343030387,0.5438258343030753,0.5438258343031512,2.001173722985544,2,2.221247105372363,2,4,False,6.830678060964564e-13,0.33950631278000715,1.9280608619193536e-16,0.9999999999999166,False,-1.0,-1.0,edge_complement,7,with_link_faces,shared_edge,True,5,4.47213595499958,"[0, 1, 2] -> [0, 2, 3] -> [0, 2, 4] -> [0, 2, 5] -> [0, 2, 6]",False,0.04541205388766627,-0.3603346161183081,0.5041098118950215,11.10079304367007,-4.0,5,False,False,0.09261192724166409,-0.6711338653045248,1.1039458090780947,11.920125646422797,-8.0,5,0.19364916731037687,0.5627440943169351,0.5627440943169351,0.5589935048470227,0.5552429153771102,0.5548519761726883,2.001173722985544,2,2.221247105372363,2,4,False,0.186618170303317,0.35063346472672485,1.9235823358155464e-16,0.947332850759872,0.947332850759872,0.9326289029411633,0.9179249551224546,0.8454819103809087,2.001173722985544,2,2.221247105372363,2,4,False,0.5480301930026725,0.8059975799214049,8.250405896230355e-17,True,"[(1, 3), (1, 5), (3, 6), (4, 5), (4, 6)]","[1, 3, 4, 5, 6]",True,-0.37836031198177783,birth_order,0.9831765350821571,0.9623208521879859,quarter_base_norm,"[0, 2]"
0.6568372405196964,"[3, 4, 5]","[0, 1, 2]",-0.20417768143318046,0.20459932250463359,"[1, 4, 6]","[0, 2, 3]",-0.9375490570656712,True,0.999999999999378,False,1.0,1.0,0,0.543825834303002,0.5438258343030753,0.5438258343030387,0.5438258343030753,0.5438258343031512,2.001173722985544,2,2.221247105372363,2,4,False,6.830678060964564e-13,0.33950631278000715,1.9280608619193536e-16,0.9999999999999166,False,-1.0,-1.0,edge_complement,7,with_link_faces,shared_edge,True,5,4.47213595499958,"[0, 1, 2] -> [0, 2, 3] -> [0, 2, 4] -> [0, 2, 5] -> [0, 2, 6]",False,0.04541205388766627,-0.3603346161183081,0.5041098118950215,11.10079304367007,-4.0,5,False,False,0.09261192724166409,-0.6711338653045248,1.1039458090780947,11.920125646422797,-8.0,5,0.38729833462075375,0.609565266662302,0.609565266662302,0.59748830627395,0.585411345885598,0.5833836931620174,2.001173722985544,2,2.221247105372363,2,4,False,0.364028313357053,0.3843286870814758,1.883200128307724e-16,0.947332850759872,0.947332850759872,0.9326289029411633,0.9179249551224546,0.8454819103809087,2.001173722985544,2,2.221247105372363,2,4,False,0.5480301930026725,0.8059975799214049,8.250405896230355e-17,True,"[(1, 3), (1, 5), (3, 6), (4, 5), (4, 6)]","[1, 3, 4, 5, 6]",True,-0.37836031198177783,birth_order,0.9831765350821571,0.9623208521879859,half_base_norm,"[0, 2]"
0.6568372405196964,"[3, 4, 5]","[0, 1, 2]",-0.20417768143318046,0.20459932250463359,"[1, 4, 6]","[0, 2, 3]",-0.9375490570656712,True,0.999999999999378,False,1.0,1.0,0,0.543825834303002,0.5438258343030753,0.5438258343030387,0.5438258343030753,0.5438258343031512,2.001173722985544,2,2.221247105372363,2,4,False,6.830678060964564e-13,0.33950631278000715,1.9280608619193536e-16,0.9999999999999166,False,-1.0,-1.0,edge_complement,7,with_link_faces,shared_edge,True,5,4.47213595499958,"[0, 1, 2] -> [0, 2, 3] -> [0, 2, 4] -> [0, 2, 5] -> [0, 2, 6]",False,0.04541205388766627,-0.3603346161183081,0.5041098118950215,11.10079304367007,-4.0,5,False,False,0.09261192724166409,-0.6711338653045248,1.1039458090780947,11.920125646422797,-8.0,5,0.7745966692415075,0.7182166804646293,0.7182166804646293,0.6926900790485955,0.6671634776325616,0.6564684207388702,2.001173722985544,2,2.221247105372363,2,4,False,0.6680408925498014,0.5221781607274716,1.8663477933608164e-16,0.947332850759872,0.947332850759872,0.9326289029411633,0.9179249551224546,0.8454819103809087,2.001173722985544,2,2.221247105372363,2,4,False,0.5480301930026725,0.8059975799214049,8.250405896230355e-17,True,"[(1, 3), (1, 5), (3, 6), (4, 5), (4, 6)]","[1, 3, 4, 5, 6]",True,-0.37836031198177783,birth_order,0.9831765350821571,0.9623208521879859,base_norm,"[0, 2]"
0.6568372405196964,"[3, 4, 5]","[0, 1, 2]",-0.20417768143318046,0.20459932250463359,"[1, 4, 6]","[0, 2, 3]",-0.9375490570656712,True,0.999999999999378,False,1.0,1.0,0,0.543825834303002,0.5438258343030753,0.5438258343030387,0.5438258343030753,0.5438258343031512,2.001173722985544,2,2.221247105372363,2,4,False,6.830678060964564e-13,0.33950631278000715,1.9280608619193536e-16,0.9999999999999166,False,-1.0,-1.0,identity,7,with_link_faces,shared_edge,True,5,5.477225575051661,"[0, 1, 2] -> [0, 2, 4] -> [0, 2, 5] -> [0, 2, 6] -> [0, 2, 3]",False,0.045412053887666275,-0.3603346161183082,0.5041098118950215,11.100793043670068,-4.0,5,False,False,0.09261192724166407,-0.6711338653045247,1.1039458090780947,11.920125646422798,-8.0,5,1.0,0.7678204874789804,0.7678204874790032,0.7678204874789918,0.7678204874790032,0.7147503173686162,2.001173722985544,2,2.221247105372363,2,4,False,0.811841384733586,0.7337181717577359,1.729499909701567e-16,0.9398670458789048,0.9398670458789082,0.9398670458789065,0.9398670458789082,0.8520501712348579,2.001173722985544,2,2.221247105372363,2,4,False,0.45838446335264554,0.7751039065204866,4.250106958255176e-33,True,"[(1, 3), (1, 5), (3, 6), (4, 5), (4, 6)]","[1, 3, 4, 5, 6]",True,-0.37836031198177783,address_order,0.9831765350821571,0.9623208521879859,unit,"[0, 2]"
0.6568372405196964,"[3, 4, 5]","[0, 1, 2]",-0.20417768143318046,0.20459932250463359,"[1, 4, 6]","[0, 2, 3]",-0.9375490570656712,True,0.999999999999378,False,1.0,1.0,0,0.543825834303002,0.5438258343030753,0.5438258343030387,0.5438258343030753,0.5438258343031512,2.001173722985544,2,2.221247105372363,2,4,False,6.830678060964564e-13,0.33950631278000715,1.9280608619193536e-16,0.9999999999999166,False,-1.0,-1.0,identity,7,with_link_faces,shared_edge,True,5,5.477225575051661,"[0, 1, 2] -> [0, 2, 4] -> [0, 2, 5] -> [0, 2, 6] -> [0, 2, 3]",False,0.045412053887666275,-0.3603346161183082,0.5041098118950215,11.100793043670068,-4.0,5,False,False,0.09261192724166407,-0.6711338653045247,1.1039458090780947,11.920125646422798,-8.0,5,0.15811388300843038,0.556846775486179,0.5568467754862484,0.5568467754862136,0.5568467754862484,0.5533897981492445,2.001173722985544,2,2.221247105372363,2,4,False,0.13686888832991045,0.349591632318408,1.9196336119137492e-16,0.9398670458789048,0.9398670458789082,0.9398670458789065,0.9398670458789082,0.8520501712348579,2.001173722985544,2,2.221247105372363,2,4,False,0.45838446335264554,0.7751039065204866,4.250106958255176e-33,True,"[(1, 3), (1, 5), (3, 6), (4, 5), (4, 6)]","[1, 3, 4, 5, 6]",True,-0.37836031198177783,address_order,0.9831765350821571,0.9623208521879859,quarter_base_norm,"[0, 2]"
0.6568372405196964,"[3, 4, 5]","[0, 1, 2]",-0.20417768143318046,0.20459932250463359,"[1, 4, 6]","[0, 2, 3]",-0.9375490570656712,True,0.999999999999378,False,1.0,1.0,0,0.543825834303002,0.5438258343030753,0.5438258343030387,0.5438258343030753,0.5438258343031512,2.001173722985544,2,2.221247105372363,2,4,False,6.830678060964564e-13,0.33950631278000715,1.9280608619193536e-16,0.9999999999999166,False,-1.0,-1.0,identity,7,with_link_faces,shared_edge,True,5,5.477225575051661,"[0, 1, 2] -> [0, 2, 4] -> [0, 2, 5] -> [0, 2, 6] -> [0, 2, 3]",False,0.045412053887666275,-0.3603346161183082,0.5041098118950215,11.100793043670068,-4.0,5,False,False,0.09261192724166407,-0.6711338653045247,1.1039458090780947,11.920125646422798,-8.0,5,0.31622776601686076,0.5909018872939376,0.5909018872939972,0.5909018872939673,0.5909018872939972,0.5786704883419164,2.001173722985544,2,2.221247105372363,2,4,False,0.2706572674872192,0.37970999641241393,1.9192420725977645e-16,0.9398670458789048,0.9398670458789082,0.9398670458789065,0.9398670458789082,0.8520501712348579,2.001173722985544,2,2.221247105372363,2,4,False,0.45838446335264554,0.7751039065204866,4.250106958255176e-33,True,"[(1, 3), (1, 5), (3, 6), (4, 5), (4, 6)]","[1, 3, 4, 5, 6]",True,-0.37836031198177783,address_order,0.9831765350821571,0.9623208521879859,half_base_norm,"[0, 2]"
0.6568372405196964,"[3, 4, 5]","[0, 1, 2]",-0.20417768143318046,0.20459932250463359,"[1, 4, 6]","[0, 2, 3]",-0.9375490570656712,True,0.999999999999378,False,1.0,1.0,0,0.543825834303002,0.5438258343030753,0.5438258343030387,0.5438258343030753,0.5438258343031512,2.001173722985544,2,2.221247105372363,2,4,False,6.830678060964564e-13,0.33950631278000715,1.9280608619193536e-16,0.9999999999999166,False,-1.0,-1.0,identity,7,with_link_faces,shared_edge,True,5,5.477225575051661,"[0, 1, 2] -> [0, 2, 4] -> [0, 2, 5] -> [0, 2, 6] -> [0, 2, 3]",False,0.045412053887666275,-0.3603346161183082,0.5041098118950215,11.100793043670068,-4.0,5,False,False,0.09261192724166407,-0.6711338653045247,1.1039458090780947,11.920125646422798,-8.0,5,0.6324555320337215,0.6809062047989224,0.6809062047989606,0.6809062047989415,0.6809062047989606,0.6470495320939027,2.001173722985544,2,2.221247105372363,2,4,False,0.5235125724274526,0.49878047829240174,1.806685706478841e-16,0.9398670458789048,0.9398670458789082,0.9398670458789065,0.9398670458789082,0.8520501712348579,2.001173722985544,2,2.221247105372363,2,4,False,0.45838446335264554,0.7751039065204866,4.250106958255176e-33,True,"[(1, 3), (1, 5), (3, 6), (4, 5), (4, 6)]","[1, 3, 4, 5, 6]",True,-0.37836031198177783,address_order,0.9831765350821571,0.9623208521879859,base_norm,"[0, 2]"
0.6568372405196964,"[3, 4, 5]","[0, 1, 2]",-0.20417768143318046,0.20459932250463359,"[1, 4, 6]","[0, 2, 3]",-0.9375490570656712,True,0.999999999999378,False,1.0,1.0,0,0.543825834303002,0.5438258343030753,0.5438258343030387,0.5438258343030753,0.5438258343031512,2.001173722985544,2,2.221247105372363,2,4,False,6.830678060964564e-13,0.33950631278000715,1.9280608619193536e-16,0.9999999999999166,False,-1.0,-1.0,edge_projector,7,with_link_faces,shared_edge,True,5,3.16227766016838,"[0, 1, 2] -> [0, 2, 4] -> [0, 2, 5] -> [0, 2, 6] -> [0, 2, 3]",False,0.045412053887666275,-0.3603346161183082,0.5041098118950215,11.100793043670068,-4.0,5,False,False,0.09261192724166407,-0.6711338653045247,1.1039458090780947,11.920125646422798,-8.0,5,1.0,0.5668236500263695,0.6976979647367678,0.6322608073815686,0.6976979647367678,0.6419614052593513,2.001173722985544,2,2.221247105372363,2,4,False,0.17007663376216234,0.3453922919084412,1.948886853175766e-16,0.9901157423918011,0.9989794775671431,0.9945476099794721,0.9989794775671431,0.9881079855793005,2.001173722985544,2,2.221247105372363,2,4,False,0.9902480272044575,0.9951359594031316,3.042598471773456e-16,True,"[(1, 3), (1, 5), (3, 6), (4, 5), (4, 6)]","[1, 3, 4, 5, 6]",True,-0.37836031198177783,address_order,0.9831765350821571,0.9623208521879859,unit,"[0, 2]"
0.6568372405196964,"[3, 4, 5]","[0, 1, 2]",-0.20417768143318046,0.20459932250463359,"[1, 4, 6]","[0, 2, 3]",-0.9375490570656712,True,0.999999999999378,False,1.0,1.0,0,0.543825834303002,0.5438258343030753,0.5438258343030387,0.5438258343030753,0.5438258343031512,2.001173722985544,2,2.221247105372363,2,4,False,6.830678060964564e-13,0.33950631278000715,1.9280608619193536e-16,0.9999999999999166,False,-1.0,-1.0,edge_projector,7,with_link_faces,shared_edge,True,5,3.16227766016838,"[0, 1, 2] -> [0, 2, 4] -> [0, 2, 5] -> [0, 2, 6] -> [0, 2, 3]",False,0.045412053887666275,-0.3603346161183082,0.5041098118950215,11.100793043670068,-4.0,5,False,False,0.09261192724166407,-0.6711338653045247,1.1039458090780947,11.920125646422798,-8.0,5,0.27386127875256616,0.545647052156537,0.5611524850095173,0.5533997685830272,0.5611524850095173,0.5532754542695234,2.001173722985544,2,2.221247105372363,2,4,False,0.046857008701949115,0.33994644433996885,1.928505337815961e-16,0.9901157423918011,0.9989794775671431,0.9945476099794721,0.9989794775671431,0.9881079855793005,2.001173722985544,2,2.221247105372363,2,4,False,0.9902480272044575,0.9951359594031316,3.042598471773456e-16,True,"[(1, 3), (1, 5), (3, 6), (4, 5), (4, 6)]","[1, 3, 4, 5, 6]",True,-0.37836031198177783,address_order,0.9831765350821571,0.9623208521879859,quarter_base_norm,"[0, 2]"
0.6568372405196964,"[3, 4, 5]","[0, 1, 2]",-0.20417768143318046,0.20459932250463359,"[1, 4, 6]","[0, 2, 3]",-0.9375490570656712,True,0.999999999999378,False,1.0,1.0,0,0.543825834303002,0.5438258343030753,0.5438258343030387,0.5438258343030753,0.5438258343031512,2.001173722985544,2,2.221247105372363,2,4,False,6.830678060964564e-13,0.33950631278000715,1.9280608619193536e-16,0.9999999999999166,False,-1.0,-1.0,edge_projector,7,with_link_faces,shared_edge,True,5,3.16227766016838,"[0, 1, 2] -> [0, 2, 4] -> [0, 2, 5] -> [0, 2, 6] -> [0, 2, 3]",False,0.045412053887666275,-0.3603346161183082,0.5041098118950215,11.100793043670068,-4.0,5,False,False,0.09261192724166407,-0.6711338653045247,1.1039458090780947,11.920125646422798,-8.0,5,0.5477225575051323,0.5510125160284259,0.6054242212599495,0.5782183686441877,0.6054242212599495,0.5791399912326901,2.001173722985544,2,2.221247105372363,2,4,False,0.09357747850360622,0.34126813575687054,1.9292276588617179e-16,0.9901157423918011,0.9989794775671431,0.9945476099794721,0.9989794775671431,0.9881079855793005,2.001173722985544,2,2.221247105372363,2,4,False,0.9902480272044575,0.9951359594031316,3.042598471773456e-16,True,"[(1, 3), (1, 5), (3, 6), (4, 5), (4, 6)]","[1, 3, 4, 5, 6]",True,-0.37836031198177783,address_order,0.9831765350821571,0.9623208521879859,half_base_norm,"[0, 2]"
0.6568372405196964,"[3, 4, 5]","[0, 1, 2]",-0.20417768143318046,0.20459932250463359,"[1, 4, 6]","[0, 2, 3]",-0.9375490570656712,True,0.999999999999378,False,1.0,1.0,0,0.543825834303002,0.5438258343030753,0.5438258343030387,0.5438258343030753,0.5438258343031512,2.001173722985544,2,2.221247105372363,2,4,False,6.830678060964564e-13,0.33950631278000715,1.9280608619193536e-16,0.9999999999999166,False,-1.0,-1.0,edge_projector,7,with_link_faces,shared_edge,True,5,3.16227766016838,"[0, 1, 2] -> [0, 2, 4] -> [0, 2, 5] -> [0, 2, 6] -> [0, 2, 3]",False,0.045412053887666275,-0.3603346161183082,0.5041098118950215,11.100793043670068,-4.0,5,False,False,0.09261192724166407,-0.6711338653045247,1.1039458090780947,11.920125646422798,-8.0,5,1.0954451150102646,0.5711134058764856,0.7163520303063472,0.6437327180914164,0.7163520303063472,0.656331358715601,2.001173722985544,2,2.221247105372363,2,4,False,0.18606926365942822,0.34657395632824917,1.942100669128336e-16,0.9901157423918011,0.9989794775671431,0.9945476099794721,0.9989794775671431,0.9881079855793005,2.001173722985544,2,2.221247105372363,2,4,False,0.9902480272044575,0.9951359594031316,3.042598471773456e-16,True,"[(1, 3), (1, 5), (3, 6), (4, 5), (4, 6)]","[1, 3, 4, 5, 6]",True,-0.37836031198177783,address_order,0.9831765350821571,0.9623208521879859,base_norm,"[0, 2]"
0.6568372405196964,"[3, 4, 5]","[0, 1, 2]",-0.20417768143318046,0.20459932250463359,"[1, 4, 6]","[0, 2, 3]",-0.9375490570656712,True,0.999999999999378,False,1.0,1.0,0,0.543825834303002,0.5438258343030753,0.5438258343030387,0.5438258343030753,0.5438258343031512,2.001173722985544,2,2.221247105372363,2,4,False,6.830678060964564e-13,0.33950631278000715,1.9280608619193536e-16,0.9999999999999166,False,-1.0,-1.0,edge_complement,7,with_link_faces,shared_edge,True,5,4.472135954999579,"[0, 1, 2] -> [0, 2, 4] -> [0, 2, 5] -> [0, 2, 6] -> [0, 2, 3]",False,0.045412053887666275,-0.3603346161183082,0.5041098118950215,11.100793043670068,-4.0,5,False,False,0.09261192724166407,-0.6711338653045247,1.1039458090780947,11.920125646422798,-8.0,5,1.0,0.7685361733162666,0.7685361733162666,0.7400541555636385,0.7115721378110105,0.6936862096790208,2.001173722985544,2,2.221247105372363,2,4,False,0.7288796144789778,0.6469463610869992,1.7732351042890727e-16,0.947332850759872,0.947332850759872,0.9326289029411633,0.9179249551224546,0.8454819103809088,2.001173722985544,2,2.221247105372363,2,4,False,0.5480301930026725,0.8059975799214049,8.250405896230355e-17,True,"[(1, 3), (1, 5), (3, 6), (4, 5), (4, 6)]","[1, 3, 4, 5, 6]",True,-0.37836031198177783,address_order,0.9831765350821571,0.9623208521879859,unit,"[0, 2]"
0.6568372405196964,"[3, 4, 5]","[0, 1, 2]",-0.20417768143318046,0.20459932250463359,"[1, 4, 6]","[0, 2, 3]",-0.9375490570656712,True,0.999999999999378,False,1.0,1.0,0,0.543825834303002,0.5438258343030753,0.5438258343030387,0.5438258343030753,0.5438258343031512,2.001173722985544,2,2.221247105372363,2,4,False,6.830678060964564e-13,0.33950631278000715,1.9280608619193536e-16,0.9999999999999166,False,-1.0,-1.0,edge_complement,7,with_link_faces,shared_edge,True,5,4.472135954999579,"[0, 1, 2] -> [0, 2, 4] -> [0, 2, 5] -> [0, 2, 6] -> [0, 2, 3]",False,0.045412053887666275,-0.3603346161183082,0.5041098118950215,11.100793043670068,-4.0,5,False,False,0.09261192724166407,-0.6711338653045247,1.1039458090780947,11.920125646422798,-8.0,5,0.1936491673103769,0.5627440943169351,0.5627440943169351,0.5589935048470227,0.5552429153771102,0.5548519761726883,2.001173722985544,2,2.221247105372363,2,4,False,0.1522548785171598,0.35063346472672485,1.9235823358155464e-16,0.947332850759872,0.947332850759872,0.9326289029411633,0.9179249551224546,0.8454819103809088,2.001173722985544,2,2.221247105372363,2,4,False,0.5480301930026725,0.8059975799214049,8.250405896230355e-17,True,"[(1, 3), (1, 5), (3, 6), (4, 5), (4, 6)]","[1, 3, 4, 5, 6]",True,-0.37836031198177783,address_order,0.9831765350821571,0.9623208521879859,quarter_base_norm,"[0, 2]"
0.6568372405196964,"[3, 4, 5]","[0, 1, 2]",-0.20417768143318046,0.20459932250463359,"[1, 4, 6]","[0, 2, 3]",-0.9375490570656712,True,0.999999999999378,False,1.0,1.0,0,0.543825834303002,0.5438258343030753,0.5438258343030387,0.5438258343030753,0.5438258343031512,2.001173722985544,2,2.221247105372363,2,4,False,6.830678060964564e-13,0.33950631278000715,1.9280608619193536e-16,0.9999999999999166,False,-1.0,-1.0,edge_complement,7,with_link_faces,shared_edge,True,5,4.472135954999579,"[0, 1, 2] -> [0, 2, 4] -> [0, 2, 5] -> [0, 2, 6] -> [0, 2, 3]",False,0.045412053887666275,-0.3603346161183082,0.5041098118950215,11.100793043670068,-4.0,5,False,False,0.09261192724166407,-0.6711338653045247,1.1039458090780947,11.920125646422798,-8.0,5,0.3872983346207538,0.6095652666623022,0.6095652666623022,0.59748830627395,0.585411345885598,0.5833836931620174,2.001173722985544,2,2.221247105372363,2,4,False,0.29984297273240745,0.3843286870814757,1.9243125313112e-16,0.947332850759872,0.947332850759872,0.9326289029411633,0.9179249551224546,0.8454819103809088,2.001173722985544,2,2.221247105372363,2,4,False,0.5480301930026725,0.8059975799214049,8.250405896230355e-17,True,"[(1, 3), (1, 5), (3, 6), (4, 5), (4, 6)]","[1, 3, 4, 5, 6]",True,-0.37836031198177783,address_order,0.9831765350821571,0.9623208521879859,half_base_norm,"[0, 2]"
0.6568372405196964,"[3, 4, 5]","[0, 1, 2]",-0.20417768143318046,0.20459932250463359,"[1, 4, 6]","[0, 2, 3]",-0.9375490570656712,True,0.999999999999378,False,1.0,1.0,0,0.543825834303002,0.5438258343030753,0.5438258343030387,0.5438258343030753,0.5438258343031512,2.001173722985544,2,2.221247105372363,2,4,False,6.830678060964564e-13,0.33950631278000715,1.9280608619193536e-16,0.9999999999999166,False,-1.0,-1.0,edge_complement,7,with_link_faces,shared_edge,True,5,4.472135954999579,"[0, 1, 2] -> [0, 2, 4] -> [0, 2, 5] -> [0, 2, 6] -> [0, 2, 3]",False,0.045412053887666275,-0.3603346161183082,0.5041098118950215,11.100793043670068,-4.0,5,False,False,0.09261192724166407,-0.6711338653045247,1.1039458090780947,11.920125646422798,-8.0,5,0.7745966692415076,0.7182166804646293,0.7182166804646293,0.6926900790485955,0.6671634776325618,0.6564684207388702,2.001173722985544,2,2.221247105372363,2,4,False,0.5742003639646652,0.5221781607274716,1.8165478242991107e-16,0.947332850759872,0.947332850759872,0.9326289029411633,0.9179249551224546,0.8454819103809088,2.001173722985544,2,2.221247105372363,2,4,False,0.5480301930026725,0.8059975799214049,8.250405896230355e-17,True,"[(1, 3), (1, 5), (3, 6), (4, 5), (4, 6)]","[1, 3, 4, 5, 6]",True,-0.37836031198177783,address_order,0.9831765350821571,0.9623208521879859,base_norm,"[0, 2]"
0.6568372405196964,"[3, 4, 5]","[0, 1, 2]",-0.20417768143318046,0.20459932250463359,"[1, 4, 6]","[0, 2, 3]",-0.9375490570656712,True,0.999999999999378,False,1.0,1.0,0,0.543825834303002,0.5438258343030753,0.5438258343030387,0.5438258343030753,0.5438258343031512,2.001173722985544,2,2.221247105372363,2,4,False,6.830678060964564e-13,0.33950631278000715,1.9280608619193536e-16,0.9999999999999166,False,-1.0,-1.0,identity,7,with_link_faces,shared_edge,True,5,5.477225575051661,"[0, 2, 3] -> [0, 2, 6] -> [0, 1, 2] -> [0, 2, 5] -> [0, 2, 4]",False,0.04541205388766627,-0.3603346161183081,0.5041098118950215,11.10079304367007,-4.0,5,False,False,0.09261192724166409,-0.6711338653045248,1.1039458090780947,11.920125646422797,-8.0,5,1.0,0.8049057516425138,0.8049057516425324,0.8049057516425231,0.8049057516425324,0.8049057516426207,2.001173722985544,2,2.221247105372363,2,4,False,6.830678060964564e-13,0.33950631278000715,1.9280608619193536e-16,0.9999999999992928,0.9999999999992928,0.9999999999992928,0.9999999999992928,0.9999999999995,2.001173722985544,2,2.221247105372363,2,4,False,0.0,0.9999999999995,0.0,True,"[(1, 3), (1, 5), (3, 6), (4, 5), (4, 6)]","[1, 3, 4, 5, 6]",True,-0.37836031198177783,geometric_angle,0.9831765350821571,0.9623208521879859,unit,"[0, 2]"
0.6568372405196964,"[3, 4, 5]","[0, 1, 2]",-0.20417768143318046,0.20459932250463359,"[1, 4, 6]","[0, 2, 3]",-0.9375490570656712,True,0.999999999999378,False,1.0,1.0,0,0.543825834303002,0.5438258343030753,0.5438258343030387,0.5438258343030753,0.5438258343031512,2.001173722985544,2,2.221247105372363,2,4,False,6.830678060964564e-13,0.33950631278000715,1.9280608619193536e-16,0.9999999999999166,False,-1.0,-1.0,identity,7,with_link_faces,shared_edge,True,5,5.477225575051661,"[0, 2, 3] -> [0, 2, 6] -> [0, 1, 2] -> [0, 2, 5] -> [0, 2, 4]",False,0.04541205388766627,-0.3603346161183081,0.5041098118950215,11.10079304367007,-4.0,5,False,False,0.09261192724166409,-0.6711338653045248,1.1039458090780947,11.920125646422797,-8.0,5,0.15811388300843038,0.559395612926391,0.5593956129264598,0.5593956129264254,0.5593956129264598,0.5593956129265371,2.001173722985544,2,2.221247105372363,2,4,False,6.830678060964564e-13,0.33950631278000715,1.9280608619193536e-16,0.9999999999992928,0.9999999999992928,0.9999999999992928,0.9999999999992928,0.9999999999995,2.001173722985544,2,2.221247105372363,2,4,False,0.0,0.9999999999995,0.0,True,"[(1, 3), (1, 5), (3, 6), (4, 5), (4, 6)]","[1, 3, 4, 5, 6]",True,-0.37836031198177783,geometric_angle,0.9831765350821571,0.9623208521879859,quarter_base_norm,"[0, 2]"
0.6568372405196964,"[3, 4, 5]","[0, 1, 2]",-0.20417768143318046,0.20459932250463359,"[1, 4, 6]","[0, 2, 3]",-0.9375490570656712,True,0.999999999999378,False,1.0,1.0,0,0.543825834303002,0.5438258343030753,0.5438258343030387,0.5438258343030753,0.5438258343031512,2.001173722985544,2,2.221247105372363,2,4,False,6.830678060964564e-13,0.33950631278000715,1.9280608619193536e-16,0.9999999999999166,False,-1.0,-1.0,identity,7,with_link_faces,shared_edge,True,5,5.477225575051661,"[0, 2, 3] -> [0, 2, 6] -> [0, 1, 2] -> [0, 2, 5] -> [0, 2, 4]",False,0.04541205388766627,-0.3603346161183081,0.5041098118950215,11.10079304367007,-4.0,5,False,False,0.09261192724166409,-0.6711338653045248,1.1039458090780947,11.920125646422797,-8.0,5,0.31622776601686076,0.5998079526400215,0.5998079526400792,0.5998079526400504,0.5998079526400792,0.5998079526401597,2.001173722985544,2,2.221247105372363,2,4,False,6.830678060964564e-13,0.33950631278000715,1.9280608619193536e-16,0.9999999999992928,0.9999999999992928,0.9999999999992928,0.9999999999992928,0.9999999999995,2.001173722985544,2,2.221247105372363,2,4,False,0.0,0.9999999999995,0.0,True,"[(1, 3), (1, 5), (3, 6), (4, 5), (4, 6)]","[1, 3, 4, 5, 6]",True,-0.37836031198177783,geometric_angle,0.9831765350821571,0.9623208521879859,half_base_norm,"[0, 2]"
0.6568372405196964,"[3, 4, 5]","[0, 1, 2]",-0.20417768143318046,0.20459932250463359,"[1, 4, 6]","[0, 2, 3]",-0.9375490570656712,True,0.999999999999378,False,1.0,1.0,0,0.543825834303002,0.5438258343030753,0.5438258343030387,0.5438258343030753,0.5438258343031512,2.001173722985544,2,2.221247105372363,2,4,False,6.830678060964564e-13,0.33950631278000715,1.9280608619193536e-16,0.9999999999999166,False,-1.0,-1.0,identity,7,with_link_faces,shared_edge,True,5,5.477225575051661,"[0, 2, 3] -> [0, 2, 6] -> [0, 1, 2] -> [0, 2, 5] -> [0, 2, 4]",False,0.04541205388766627,-0.3603346161183081,0.5041098118950215,11.10079304367007,-4.0,5,False,False,0.09261192724166409,-0.6711338653045248,1.1039458090780947,11.920125646422797,-8.0,5,0.6324555320337215,0.7049551850269465,0.7049551850269813,0.704955185026964,0.7049551850269813,0.7049551850270683,2.001173722985544,2,2.221247105372363,2,4,False,6.830678060964564e-13,0.33950631278000715,1.9280608619193536e-16,0.9999999999992928,0.9999999999992928,0.9999999999992928,0.9999999999992928,0.9999999999995,2.001173722985544,2,2.221247105372363,2,4,False,0.0,0.9999999999995,0.0,True,"[(1, 3), (1, 5), (3, 6), (4, 5), (4, 6)]","[1, 3, 4, 5, 6]",True,-0.37836031198177783,geometric_angle,0.9831765350821571,0.9623208521879859,base_norm,"[0, 2]"
0.6568372405196964,"[3, 4, 5]","[0, 1, 2]",-0.20417768143318046,0.20459932250463359,"[1, 4, 6]","[0, 2, 3]",-0.9375490570656712,True,0.999999999999378,False,1.0,1.0,0,0.543825834303002,0.5438258343030753,0.5438258343030387,0.5438258343030753,0.5438258343031512,2.001173722985544,2,2.221247105372363,2,4,False,6.830678060964564e-13,0.33950631278000715,1.9280608619193536e-16,0.9999999999999166,False,-1.0,-1.0,edge_projector,7,with_link_faces,shared_edge,True,5,3.16227766016838,"[0, 2, 3] -> [0, 2, 6] -> [0, 1, 2] -> [0, 2, 5] -> [0, 2, 4]",False,0.04541205388766627,-0.3603346161183081,0.5041098118950215,11.10079304367007,-4.0,5,False,False,0.09261192724166409,-0.6711338653045248,1.1039458090780947,11.920125646422797,-8.0,5,1.0,0.5674706948207701,0.6980955731583126,0.6327831339895413,0.6980955731583126,0.6451021292137514,2.001173722985544,2,2.221247105372363,2,4,False,6.830678060964564e-13,0.33950631278000715,1.9280608619193536e-16,0.9999999999964083,0.9999999999988434,0.9999999999976259,0.9999999999988434,0.999999999998899,2.001173722985544,2,2.221247105372363,2,4,False,0.0,0.9999999999995,0.0,True,"[(1, 3), (1, 5), (3, 6), (4, 5), (4, 6)]","[1, 3, 4, 5, 6]",True,-0.37836031198177783,geometric_angle,0.9831765350821571,0.9623208521879859,unit,"[0, 2]"
0.6568372405196964,"[3, 4, 5]","[0, 1, 2]",-0.20417768143318046,0.20459932250463359,"[1, 4, 6]","[0, 2, 3]",-0.9375490570656712,True,0.999999999999378,False,1.0,1.0,0,0.543825834303002,0.5438258343030753,0.5438258343030387,0.5438258343030753,0.5438258343031512,2.001173722985544,2,2.221247105372363,2,4,False,6.830678060964564e-13,0.33950631278000715,1.9280608619193536e-16,0.9999999999999166,False,-1.0,-1.0,edge_projector,7,with_link_faces,shared_edge,True,5,3.16227766016838,"[0, 2, 3] -> [0, 2, 6] -> [0, 1, 2] -> [0, 2, 5] -> [0, 2, 4]",False,0.04541205388766627,-0.3603346161183081,0.5041098118950215,11.10079304367007,-4.0,5,False,False,0.09261192724166409,-0.6711338653045248,1.1039458090780947,11.920125646422797,-8.0,5,0.27386127875256616,0.5456992932468596,0.5612020414445408,0.5534506673457003,0.5612020414445408,0.5536008100448395,2.001173722985544,2,2.221247105372363,2,4,False,6.830678060964564e-13,0.33950631278000715,1.9280608619193536e-16,0.9999999999964083,0.9999999999988434,0.9999999999976259,0.9999999999988434,0.999999999998899,2.001173722985544,2,2.221247105372363,2,4,False,0.0,0.9999999999995,0.0,True,"[(1, 3), (1, 5), (3, 6), (4, 5), (4, 6)]","[1, 3, 4, 5, 6]",True,-0.37836031198177783,geometric_angle,0.9831765350821571,0.9623208521879859,quarter_base_norm,"[0, 2]"
0.6568372405196964,"[3, 4, 5]","[0, 1, 2]",-0.20417768143318046,0.20459932250463359,"[1, 4, 6]","[0, 2, 3]",-0.9375490570656712,True,0.999999999999378,False,1.0,1.0,0,0.543825834303002,0.5438258343030753,0.5438258343030387,0.5438258343030753,0.5438258343031512,2.001173722985544,2,2.221247105372363,2,4,False,6.830678060964564e-13,0.33950631278000715,1.9280608619193536e-16,0.9999999999999166,False,-1.0,-1.0,edge_projector,7,with_link_faces,shared_edge,True,5,3.16227766016838,"[0, 2, 3] -> [0, 2, 6] -> [0, 1, 2] -> [0, 2, 5] -> [0, 2, 4]",False,0.04541205388766627,-0.3603346161183081,0.5041098118950215,11.10079304367007,-4.0,5,False,False,0.09261192724166409,-0.6711338653045248,1.1039458090780947,11.920125646422797,-8.0,5,0.5477225575051323,0.5512176334896863,0.6055940436393762,0.5784058385645312,0.6055940436393762,0.580328091547898,2.001173722985544,2,2.221247105372363,2,4,False,6.830678060964564e-13,0.33950631278000715,1.9280608619193536e-16,0.9999999999964083,0.9999999999988434,0.9999999999976259,0.9999999999988434,0.999999999998899,2.001173722985544,2,2.221247105372363,2,4,False,0.0,0.9999999999995,0.0,True,"[(1, 3), (1, 5), (3, 6), (4, 5), (4, 6)]","[1, 3, 4, 5, 6]",True,-0.37836031198177783,geometric_angle,0.9831765350821571,0.9623208521879859,half_base_norm,"[0, 2]"
0.6568372405196964,"[3, 4, 5]","[0, 1, 2]",-0.20417768143318046,0.20459932250463359,"[1, 4, 6]","[0, 2, 3]",-0.9375490570656712,True,0.999999999999378,False,1.0,1.0,0,0.543825834303002,0.5438258343030753,0.5438258343030387,0.5438258343030753,0.5438258343031512,2.001173722985544,2,2.221247105372363,2,4,False,6.830678060964564e-13,0.33950631278000715,1.9280608619193536e-16,0.9999999999999166,False,-1.0,-1.0,edge_projector,7,with_link_faces,shared_edge,True,5,3.16227766016838,"[0, 2, 3] -> [0, 2, 6] -> [0, 1, 2] -> [0, 2, 5] -> [0, 2, 4]",False,0.04541205388766627,-0.3603346161183081,0.5041098118950215,11.10079304367007,-4.0,5,False,False,0.09261192724166409,-0.6711338653045248,1.1039458090780947,11.920125646422797,-8.0,5,1.0954451150102646,0.5718782440157416,0.7167927460553839,0.6443354950355628,0.7167927460553839,0.6598948685943515,2.001173722985544,2,2.221247105372363,2,4,False,6.830678060964564e-13,0.33950631278000715,1.9280608619193536e-16,0.9999999999964083,0.9999999999988434,0.9999999999976259,0.9999999999988434,0.999999999998899,2.001173722985544,2,2.221247105372363,2,4,False,0.0,0.9999999999995,0.0,True,"[(1, 3), (1, 5), (3, 6), (4, 5), (4, 6)]","[1, 3, 4, 5, 6]",True,-0.37836031198177783,geometric_angle,0.9831765350821571,0.9623208521879859,base_norm,"[0, 2]"
0.6568372405196964,"[3, 4, 5]","[0, 1, 2]",-0.20417768143318046,0.20459932250463359,"[1, 4, 6]","[0, 2, 3]",-0.9375490570656712,True,0.999999999999378,False,1.0,1.0,0,0.543825834303002,0.5438258343030753,0.5438258343030387,0.5438258343030753,0.5438258343031512,2.001173722985544,2,2.221247105372363,2,4,False,6.830678060964564e-13,0.33950631278000715,1.9280608619193536e-16,0.9999999999999166,False,-1.0,-1.0,edge_complement,7,with_link_faces,shared_edge,True,5,4.47213595499958,"[0, 2, 3] -> [0, 2, 6] -> [0, 1, 2] -> [0, 2, 5] -> [0, 2, 4]",False,0.04541205388766627,-0.3603346161183081,0.5041098118950215,11.10079304367007,-4.0,5,False,False,0.09261192724166409,-0.6711338653045248,1.1039458090780947,11.920125646422797,-8.0,5,1.0,0.8005714891143996,0.8005714891143996,0.7767678390027601,0.7529641888911207,0.77935076983329,2.001173722985544,2,2.221247105372363,2,4,False,6.830678060964564e-13,0.33950631278000715,1.9280608619193536e-16,0.9999999999992787,0.9999999999992787,0.9999999999991925,0.9999999999991064,0.9999999999994388,2.001173722985544,2,2.221247105372363,2,4,False,0.0,0.9999999999995,0.0,True,"[(1, 3), (1, 5), (3, 6), (4, 5), (4, 6)]","[1, 3, 4, 5, 6]",True,-0.37836031198177783,geometric_angle,0.9831765350821571,0.9623208521879859,unit,"[0, 2]"
0.6568372405196964,"[3, 4, 5]","[0, 1, 2]",-0.20417768143318046,0.20459932250463359,"[1, 4, 6]","[0, 2, 3]",-0.9375490570656712,True,0.999999999999378,False,1.0,1.0,0,0.543825834303002,0.5438258343030753,0.5438258343030387,0.5438258343030753,0.5438258343031512,2.001173722985544,2,2.221247105372363,2,4,False,6.830678060964564e-13,0.33950631278000715,1.9280608619193536e-16,0.9999999999999166,False,-1.0,-1.0,edge_complement,7,with_link_faces,shared_edge,True,5,4.47213595499958,"[0, 2, 3] -> [0, 2, 6] -> [0, 1, 2] -> [0, 2, 5] -> [0, 2, 4]",False,0.04541205388766627,-0.3603346161183081,0.5041098118950215,11.10079304367007,-4.0,5,False,False,0.09261192724166409,-0.6711338653045248,1.1039458090780947,11.920125646422797,-8.0,5,0.19364916731037687,0.5659056868771932,0.5659056868771932,0.5621959360766628,0.5584861852761326,0.5622308003507841,2.001173722985544,2,2.221247105372363,2,4,False,6.830678060964564e-13,0.33950631278000715,1.9280608619193536e-16,0.9999999999992787,0.9999999999992787,0.9999999999991925,0.9999999999991064,0.9999999999994388,2.001173722985544,2,2.221247105372363,2,4,False,0.0,0.9999999999995,0.0,True,"[(1, 3), (1, 5), (3, 6), (4, 5), (4, 6)]","[1, 3, 4, 5, 6]",True,-0.37836031198177783,geometric_angle,0.9831765350821571,0.9623208521879859,quarter_base_norm,"[0, 2]"
0.6568372405196964,"[3, 4, 5]","[0, 1, 2]",-0.20417768143318046,0.20459932250463359,"[1, 4, 6]","[0, 2, 3]",-0.9375490570656712,True,0.999999999999378,False,1.0,1.0,0,0.543825834303002,0.5438258343030753,0.5438258343030387,0.5438258343030753,0.5438258343031512,2.001173722985544,2,2.221247105372363,2,4,False,6.830678060964564e-13,0.33950631278000715,1.9280608619193536e-16,0.9999999999999166,False,-1.0,-1.0,edge_complement,7,with_link_faces,shared_edge,True,5,4.47213595499958,"[0, 2, 3] -> [0, 2, 6] -> [0, 1, 2] -> [0, 2, 5] -> [0, 2, 4]",False,0.04541205388766627,-0.3603346161183081,0.5041098118950215,11.10079304367007,-4.0,5,False,False,0.09261192724166409,-0.6711338653045248,1.1039458090780947,11.920125646422797,-8.0,5,0.38729833462075375,0.6200759075409495,0.6200759075409495,0.6084606262298744,0.5968453449187991,0.6088321313400549,2.001173722985544,2,2.221247105372363,2,4,False,6.830678060964564e-13,0.33950631278000715,1.9280608619193536e-16,0.9999999999992787,0.9999999999992787,0.9999999999991925,0.9999999999991064,0.9999999999994388,2.001173722985544,2,2.221247105372363,2,4,False,0.0,0.9999999999995,0.0,True,"[(1, 3), (1, 5), (3, 6), (4, 5), (4, 6)]","[1, 3, 4, 5, 6]",True,-0.37836031198177783,geometric_angle,0.9831765350821571,0.9623208521879859,half_base_norm,"[0, 2]"
0.6568372405196964,"[3, 4, 5]","[0, 1, 2]",-0.20417768143318046,0.20459932250463359,"[1, 4, 6]","[0, 2, 3]",-0.9375490570656712,True,0.999999999999378,False,1.0,1.0,0,0.543825834303002,0.5438258343030753,0.5438258343030387,0.5438258343030753,0.5438258343031512,2.001173722985544,2,2.221247105372363,2,4,False,6.830678060964564e-13,0.33950631278000715,1.9280608619193536e-16,0.9999999999999166,False,-1.0,-1.0,edge_complement,7,with_link_faces,shared_edge,True,5,4.47213595499958,"[0, 2, 3] -> [0, 2, 6] -> [0, 1, 2] -> [0, 2, 5] -> [0, 2, 4]",False,0.04541205388766627,-0.3603346161183081,0.5041098118950215,11.10079304367007,-4.0,5,False,False,0.09261192724166409,-0.6711338653045248,1.1039458090780947,11.920125646422797,-8.0,5,0.7745966692415075,0.7438749944036257,0.7438749944036257,0.7212590456608992,0.6986430969181726,0.7231505958764414,2.001173722985544,2,2.221247105372363,2,4,False,6.830678060964564e-13,0.33950631278000715,1.9280608619193536e-16,0.9999999999992787,0.9999999999992787,0.9999999999991925,0.9999999999991064,0.9999999999994388,2.001173722985544,2,2.221247105372363,2,4,False,0.0,0.9999999999995,0.0,True,"[(1, 3), (1, 5), (3, 6), (4, 5), (4, 6)]","[1, 3, 4, 5, 6]",True,-0.37836031198177783,geometric_angle,0.9831765350821571,0.9623208521879859,base_norm,"[0, 2]"
